item_id,location_id,item_name,meal_period,item_description,generated_tags,all_tags,loc_name,campus,location,hours,cuisine,loc_description,tags,document
1,1,"Bacon, Egg, and Cheese Sandwich",breakfast,"Breakfast sandwich with bacon, egg, and cheese","breakfast,dairy,comfort_food","breakfast, comfort_food, dairy",Beyu Blue Coffee,West Campus,Bryan Center,7 am - 7 pm (mon - fri); 9 am - 5 pm (sat - sun),cafe,"Coffee, Tea, and Bakery Items","coffee,drinks,breakfast,grab-and-go,quick","Bacon, Egg, and Cheese Sandwich. Available at Beyu Blue Coffee (cafe cuisine) in Bryan Center on West Campus campus. Hours: 7 am - 7 pm (mon - fri); 9 am - 5 pm (sat - sun). Served during: breakfast. Breakfast sandwich with bacon, egg, and cheese. Item tags: breakfast, comfort_food, dairy. Venue tags: coffee,drinks,breakfast,grab-and-go,quick. "
2,1,Egg and Cheese Sandwich,breakfast,Breakfast sandwich with egg and cheese,"breakfast,dairy,comfort_food","breakfast, comfort_food, dairy",Beyu Blue Coffee,West Campus,Bryan Center,7 am - 7 pm (mon - fri); 9 am - 5 pm (sat - sun),cafe,"Coffee, Tea, and Bakery Items","coffee,drinks,breakfast,grab-and-go,quick","Egg and Cheese Sandwich. Available at Beyu Blue Coffee (cafe cuisine) in Bryan Center on West Campus campus. Hours: 7 am - 7 pm (mon - fri); 9 am - 5 pm (sat - sun). Served during: breakfast. Breakfast sandwich with egg and cheese. Item tags: breakfast, comfort_food, dairy. Venue tags: coffee,drinks,breakfast,grab-and-go,quick. "
3,1,"Sausage, Egg, and Cheese Sandwich",breakfast,"Breakfast sandwich with sausage, egg, and cheese","breakfast,dairy,comfort_food","breakfast, comfort_food, dairy",Beyu Blue Coffee,West Campus,Bryan Center,7 am - 7 pm (mon - fri); 9 am - 5 pm (sat - sun),cafe,"Coffee, Tea, and Bakery Items","coffee,drinks,breakfast,grab-and-go,quick","Sausage, Egg, and Cheese Sandwich. Available at Beyu Blue Coffee (cafe cuisine) in Bryan Center on West Campus campus. Hours: 7 am - 7 pm (mon - fri); 9 am - 5 pm (sat - sun). Served during: breakfast. Breakfast sandwich with sausage, egg, and cheese. Item tags: breakfast, comfort_food, dairy. Venue tags: coffee,drinks,breakfast,grab-and-go,quick. "
4,1,Coffee Au Lait,drink,"Coffee Au Lait available Iced or Hot and with milk substitutes of oat, skim, and whole","drink,caffeinated,dairy","caffeinated, dairy, drink",Beyu Blue Coffee,West Campus,Bryan Center,7 am - 7 pm (mon - fri); 9 am - 5 pm (sat - sun),cafe,"Coffee, Tea, and Bakery Items","coffee,drinks,breakfast,grab-and-go,quick","Coffee Au Lait. Available at Beyu Blue Coffee (cafe cuisine) in Bryan Center on West Campus campus. Hours: 7 am - 7 pm (mon - fri); 9 am - 5 pm (sat - sun). Served during: drink. Coffee Au Lait available Iced or Hot and with milk substitutes of oat, skim, and whole. Item tags: caffeinated, dairy, drink. Venue tags: coffee,drinks,breakfast,grab-and-go,quick. "
5,1,Coffee,drink,Coffee available Iced or Hot and with the option to add a splash of milk,"drink,caffeinated","caffeinated, drink",Beyu Blue Coffee,West Campus,Bryan Center,7 am - 7 pm (mon - fri); 9 am - 5 pm (sat - sun),cafe,"Coffee, Tea, and Bakery Items","coffee,drinks,breakfast,grab-and-go,quick","Coffee. Available at Beyu Blue Coffee (cafe cuisine) in Bryan Center on West Campus campus. Hours: 7 am - 7 pm (mon - fri); 9 am - 5 pm (sat - sun). Served during: drink. Coffee available Iced or Hot and with the option to add a splash of milk. Item tags: caffeinated, drink. Venue tags: coffee,drinks,breakfast,grab-and-go,quick. "
6,1,Mexican Coffee,drink,"Coffee with cinnamon, nutmeg, and steamed milk with options of milk subsitutes of oat, skim, or whole","dairy,drink,caffeinated,comfort_food","caffeinated, comfort_food, dairy, drink",Beyu Blue Coffee,West Campus,Bryan Center,7 am - 7 pm (mon - fri); 9 am - 5 pm (sat - sun),cafe,"Coffee, Tea, and Bakery Items","coffee,drinks,breakfast,grab-and-go,quick","Mexican Coffee. Available at Beyu Blue Coffee (cafe cuisine) in Bryan Center on West Campus campus. Hours: 7 am - 7 pm (mon - fri); 9 am - 5 pm (sat - sun). Served during: drink. Coffee with cinnamon, nutmeg, and steamed milk with options of milk subsitutes of oat, skim, or whole. Item tags: caffeinated, comfort_food, dairy, drink. Venue tags: coffee,drinks,breakfast,grab-and-go,quick. "
7,1,Nitro Cold Brew,drink,Nitro cold brew available iced,"drink,caffeinated","caffeinated, drink",Beyu Blue Coffee,West Campus,Bryan Center,7 am - 7 pm (mon - fri); 9 am - 5 pm (sat - sun),cafe,"Coffee, Tea, and Bakery Items","coffee,drinks,breakfast,grab-and-go,quick","Nitro Cold Brew. Available at Beyu Blue Coffee (cafe cuisine) in Bryan Center on West Campus campus. Hours: 7 am - 7 pm (mon - fri); 9 am - 5 pm (sat - sun). Served during: drink. Nitro cold brew available iced. Item tags: caffeinated, drink. Venue tags: coffee,drinks,breakfast,grab-and-go,quick. "
8,1,Chai Latte,drink,"Chai Latte available Iced or Hot and with milk substitutes of oat, skim or whole","dairy,drink,caffeinated","caffeinated, dairy, drink",Beyu Blue Coffee,West Campus,Bryan Center,7 am - 7 pm (mon - fri); 9 am - 5 pm (sat - sun),cafe,"Coffee, Tea, and Bakery Items","coffee,drinks,breakfast,grab-and-go,quick","Chai Latte. Available at Beyu Blue Coffee (cafe cuisine) in Bryan Center on West Campus campus. Hours: 7 am - 7 pm (mon - fri); 9 am - 5 pm (sat - sun). Served during: drink. Chai Latte available Iced or Hot and with milk substitutes of oat, skim or whole. Item tags: caffeinated, dairy, drink. Venue tags: coffee,drinks,breakfast,grab-and-go,quick. "
9,1,Hot Chocolate,drink,"Hot Chocolate available  with milk substitutes of oat, skim or whole","dairy,drink,comfort_food","comfort_food, dairy, drink",Beyu Blue Coffee,West Campus,Bryan Center,7 am - 7 pm (mon - fri); 9 am - 5 pm (sat - sun),cafe,"Coffee, Tea, and Bakery Items","coffee,drinks,breakfast,grab-and-go,quick","Hot Chocolate. Available at Beyu Blue Coffee (cafe cuisine) in Bryan Center on West Campus campus. Hours: 7 am - 7 pm (mon - fri); 9 am - 5 pm (sat - sun). Served during: drink. Hot Chocolate available  with milk substitutes of oat, skim or whole. Item tags: comfort_food, dairy, drink. Venue tags: coffee,drinks,breakfast,grab-and-go,quick. "
10,1,Mango Smoothie,drink,Mango Smoothie,"vegan,healthy,drink,quick,snack","drink, healthy, quick, snack, vegan",Beyu Blue Coffee,West Campus,Bryan Center,7 am - 7 pm (mon - fri); 9 am - 5 pm (sat - sun),cafe,"Coffee, Tea, and Bakery Items","coffee,drinks,breakfast,grab-and-go,quick","Mango Smoothie. Available at Beyu Blue Coffee (cafe cuisine) in Bryan Center on West Campus campus. Hours: 7 am - 7 pm (mon - fri); 9 am - 5 pm (sat - sun). Served during: drink. Mango Smoothie. Item tags: drink, healthy, quick, snack, vegan. Venue tags: coffee,drinks,breakfast,grab-and-go,quick. "
11,1,Matcha Latte,drink,"Matcha Latte available Iced or Hot and with milk substitutes of oat, skim or whole","drink,caffeinated","caffeinated, drink",Beyu Blue Coffee,West Campus,Bryan Center,7 am - 7 pm (mon - fri); 9 am - 5 pm (sat - sun),cafe,"Coffee, Tea, and Bakery Items","coffee,drinks,breakfast,grab-and-go,quick","Matcha Latte. Available at Beyu Blue Coffee (cafe cuisine) in Bryan Center on West Campus campus. Hours: 7 am - 7 pm (mon - fri); 9 am - 5 pm (sat - sun). Served during: drink. Matcha Latte available Iced or Hot and with milk substitutes of oat, skim or whole. Item tags: caffeinated, drink. Venue tags: coffee,drinks,breakfast,grab-and-go,quick. "
12,1,Pineapple Smoothie,drink,Pineapple Smoothie,"vegan,healthy,drink,quick,snack","drink, healthy, quick, snack, vegan",Beyu Blue Coffee,West Campus,Bryan Center,7 am - 7 pm (mon - fri); 9 am - 5 pm (sat - sun),cafe,"Coffee, Tea, and Bakery Items","coffee,drinks,breakfast,grab-and-go,quick","Pineapple Smoothie. Available at Beyu Blue Coffee (cafe cuisine) in Bryan Center on West Campus campus. Hours: 7 am - 7 pm (mon - fri); 9 am - 5 pm (sat - sun). Served during: drink. Pineapple Smoothie. Item tags: drink, healthy, quick, snack, vegan. Venue tags: coffee,drinks,breakfast,grab-and-go,quick. "
13,1,Steamer Milk,drink,"Heated milk available with oat, skim or whole milk","dairy,drink,comfort_food","comfort_food, dairy, drink",Beyu Blue Coffee,West Campus,Bryan Center,7 am - 7 pm (mon - fri); 9 am - 5 pm (sat - sun),cafe,"Coffee, Tea, and Bakery Items","coffee,drinks,breakfast,grab-and-go,quick","Steamer Milk. Available at Beyu Blue Coffee (cafe cuisine) in Bryan Center on West Campus campus. Hours: 7 am - 7 pm (mon - fri); 9 am - 5 pm (sat - sun). Served during: drink. Heated milk available with oat, skim or whole milk. Item tags: comfort_food, dairy, drink. Venue tags: coffee,drinks,breakfast,grab-and-go,quick. "
14,1,White Hot Chocolate,drink,"Hot Chocolate available  with milk substitutes of oat, skim or whole","dairy,drink,comfort_food","comfort_food, dairy, drink",Beyu Blue Coffee,West Campus,Bryan Center,7 am - 7 pm (mon - fri); 9 am - 5 pm (sat - sun),cafe,"Coffee, Tea, and Bakery Items","coffee,drinks,breakfast,grab-and-go,quick","White Hot Chocolate. Available at Beyu Blue Coffee (cafe cuisine) in Bryan Center on West Campus campus. Hours: 7 am - 7 pm (mon - fri); 9 am - 5 pm (sat - sun). Served during: drink. Hot Chocolate available  with milk substitutes of oat, skim or whole. Item tags: comfort_food, dairy, drink. Venue tags: coffee,drinks,breakfast,grab-and-go,quick. "
15,1,Strawberry Smoothie,drink,Strawberry Smoothie,"vegetarian,vegan,healthy,drink,quick,snack,breakfast","breakfast, drink, healthy, quick, snack, vegan, vegetarian",Beyu Blue Coffee,West Campus,Bryan Center,7 am - 7 pm (mon - fri); 9 am - 5 pm (sat - sun),cafe,"Coffee, Tea, and Bakery Items","coffee,drinks,breakfast,grab-and-go,quick","Strawberry Smoothie. Available at Beyu Blue Coffee (cafe cuisine) in Bryan Center on West Campus campus. Hours: 7 am - 7 pm (mon - fri); 9 am - 5 pm (sat - sun). Served during: drink. Strawberry Smoothie. Item tags: breakfast, drink, healthy, quick, snack, vegan, vegetarian. Venue tags: coffee,drinks,breakfast,grab-and-go,quick. "
16,1,Caramello,drink,"Caramel, vanilla, steamed milk, and caramel drizzle. Available Iced or Hot and with milk substitutions of oat, skim, or whole milk","dairy,comfort_food,drink","comfort_food, dairy, drink",Beyu Blue Coffee,West Campus,Bryan Center,7 am - 7 pm (mon - fri); 9 am - 5 pm (sat - sun),cafe,"Coffee, Tea, and Bakery Items","coffee,drinks,breakfast,grab-and-go,quick","Caramello. Available at Beyu Blue Coffee (cafe cuisine) in Bryan Center on West Campus campus. Hours: 7 am - 7 pm (mon - fri); 9 am - 5 pm (sat - sun). Served during: drink. Caramel, vanilla, steamed milk, and caramel drizzle. Available Iced or Hot and with milk substitutions of oat, skim, or whole milk. Item tags: comfort_food, dairy, drink. Venue tags: coffee,drinks,breakfast,grab-and-go,quick. "
17,1,Dirty Chai,drink,"Chai Latte with a shot of espresso available Iced or Hot and with milk substitutes of oat, skim or whole","drink,caffeinated","caffeinated, drink",Beyu Blue Coffee,West Campus,Bryan Center,7 am - 7 pm (mon - fri); 9 am - 5 pm (sat - sun),cafe,"Coffee, Tea, and Bakery Items","coffee,drinks,breakfast,grab-and-go,quick","Dirty Chai. Available at Beyu Blue Coffee (cafe cuisine) in Bryan Center on West Campus campus. Hours: 7 am - 7 pm (mon - fri); 9 am - 5 pm (sat - sun). Served during: drink. Chai Latte with a shot of espresso available Iced or Hot and with milk substitutes of oat, skim or whole. Item tags: caffeinated, drink. Venue tags: coffee,drinks,breakfast,grab-and-go,quick. "
18,1,La Vanilla,drink,"Vanilla latte availableIced or Hot and with milk substitutes of oat, skim, or whole","dairy,drink,caffeinated","caffeinated, dairy, drink",Beyu Blue Coffee,West Campus,Bryan Center,7 am - 7 pm (mon - fri); 9 am - 5 pm (sat - sun),cafe,"Coffee, Tea, and Bakery Items","coffee,drinks,breakfast,grab-and-go,quick","La Vanilla. Available at Beyu Blue Coffee (cafe cuisine) in Bryan Center on West Campus campus. Hours: 7 am - 7 pm (mon - fri); 9 am - 5 pm (sat - sun). Served during: drink. Vanilla latte availableIced or Hot and with milk substitutes of oat, skim, or whole. Item tags: caffeinated, dairy, drink. Venue tags: coffee,drinks,breakfast,grab-and-go,quick. "
19,1,Mexican Latte,drink,"Latte with Mexican Coffee available Iced or Hot and with milk substitutes of oat, skim, or whole","drink,caffeinated","caffeinated, drink",Beyu Blue Coffee,West Campus,Bryan Center,7 am - 7 pm (mon - fri); 9 am - 5 pm (sat - sun),cafe,"Coffee, Tea, and Bakery Items","coffee,drinks,breakfast,grab-and-go,quick","Mexican Latte. Available at Beyu Blue Coffee (cafe cuisine) in Bryan Center on West Campus campus. Hours: 7 am - 7 pm (mon - fri); 9 am - 5 pm (sat - sun). Served during: drink. Latte with Mexican Coffee available Iced or Hot and with milk substitutes of oat, skim, or whole. Item tags: caffeinated, drink. Venue tags: coffee,drinks,breakfast,grab-and-go,quick. "
20,1,Oprah Mocha,drink,"Mocha available Iced or Hot and with milk substitues of oat, skim, or whole","drink,caffeinated","caffeinated, drink",Beyu Blue Coffee,West Campus,Bryan Center,7 am - 7 pm (mon - fri); 9 am - 5 pm (sat - sun),cafe,"Coffee, Tea, and Bakery Items","coffee,drinks,breakfast,grab-and-go,quick","Oprah Mocha. Available at Beyu Blue Coffee (cafe cuisine) in Bryan Center on West Campus campus. Hours: 7 am - 7 pm (mon - fri); 9 am - 5 pm (sat - sun). Served during: drink. Mocha available Iced or Hot and with milk substitues of oat, skim, or whole. Item tags: caffeinated, drink. Venue tags: coffee,drinks,breakfast,grab-and-go,quick. "
21,1,Turle Mocha,drink,"Mocha with caramel syrup available Iced or Hot and with milk substitues of oat, skim, or whole","drink,caffeinated","caffeinated, drink",Beyu Blue Coffee,West Campus,Bryan Center,7 am - 7 pm (mon - fri); 9 am - 5 pm (sat - sun),cafe,"Coffee, Tea, and Bakery Items","coffee,drinks,breakfast,grab-and-go,quick","Turle Mocha. Available at Beyu Blue Coffee (cafe cuisine) in Bryan Center on West Campus campus. Hours: 7 am - 7 pm (mon - fri); 9 am - 5 pm (sat - sun). Served during: drink. Mocha with caramel syrup available Iced or Hot and with milk substitues of oat, skim, or whole. Item tags: caffeinated, drink. Venue tags: coffee,drinks,breakfast,grab-and-go,quick. "
22,1,Americano,drink,"Americano available Iced or Hot and with milk substitutes of oat, skim, or whole","drink,caffeinated","caffeinated, drink",Beyu Blue Coffee,West Campus,Bryan Center,7 am - 7 pm (mon - fri); 9 am - 5 pm (sat - sun),cafe,"Coffee, Tea, and Bakery Items","coffee,drinks,breakfast,grab-and-go,quick","Americano. Available at Beyu Blue Coffee (cafe cuisine) in Bryan Center on West Campus campus. Hours: 7 am - 7 pm (mon - fri); 9 am - 5 pm (sat - sun). Served during: drink. Americano available Iced or Hot and with milk substitutes of oat, skim, or whole. Item tags: caffeinated, drink. Venue tags: coffee,drinks,breakfast,grab-and-go,quick. "
23,1,Cappucino,drink,"Cappucino available Iced or Hot and with milk substitutes of oat, skim, or whole","drink,caffeinated,dairy","caffeinated, dairy, drink",Beyu Blue Coffee,West Campus,Bryan Center,7 am - 7 pm (mon - fri); 9 am - 5 pm (sat - sun),cafe,"Coffee, Tea, and Bakery Items","coffee,drinks,breakfast,grab-and-go,quick","Cappucino. Available at Beyu Blue Coffee (cafe cuisine) in Bryan Center on West Campus campus. Hours: 7 am - 7 pm (mon - fri); 9 am - 5 pm (sat - sun). Served during: drink. Cappucino available Iced or Hot and with milk substitutes of oat, skim, or whole. Item tags: caffeinated, dairy, drink. Venue tags: coffee,drinks,breakfast,grab-and-go,quick. "
24,1,Cortado,drink,"Cortado available Iced or Hot and with milk substitutes of oat, skim, or whole","dairy,drink,caffeinated","caffeinated, dairy, drink",Beyu Blue Coffee,West Campus,Bryan Center,7 am - 7 pm (mon - fri); 9 am - 5 pm (sat - sun),cafe,"Coffee, Tea, and Bakery Items","coffee,drinks,breakfast,grab-and-go,quick","Cortado. Available at Beyu Blue Coffee (cafe cuisine) in Bryan Center on West Campus campus. Hours: 7 am - 7 pm (mon - fri); 9 am - 5 pm (sat - sun). Served during: drink. Cortado available Iced or Hot and with milk substitutes of oat, skim, or whole. Item tags: caffeinated, dairy, drink. Venue tags: coffee,drinks,breakfast,grab-and-go,quick. "
25,1,Espresso,drink,Shot of Espresso,"drink,caffeinated","caffeinated, drink",Beyu Blue Coffee,West Campus,Bryan Center,7 am - 7 pm (mon - fri); 9 am - 5 pm (sat - sun),cafe,"Coffee, Tea, and Bakery Items","coffee,drinks,breakfast,grab-and-go,quick","Espresso. Available at Beyu Blue Coffee (cafe cuisine) in Bryan Center on West Campus campus. Hours: 7 am - 7 pm (mon - fri); 9 am - 5 pm (sat - sun). Served during: drink. Shot of Espresso. Item tags: caffeinated, drink. Venue tags: coffee,drinks,breakfast,grab-and-go,quick. "
26,1,Flat White,drink,"Flat White available Iced or Hot and with milk substitutes of oat, skim, or whole","dairy,drink,caffeinated","caffeinated, dairy, drink",Beyu Blue Coffee,West Campus,Bryan Center,7 am - 7 pm (mon - fri); 9 am - 5 pm (sat - sun),cafe,"Coffee, Tea, and Bakery Items","coffee,drinks,breakfast,grab-and-go,quick","Flat White. Available at Beyu Blue Coffee (cafe cuisine) in Bryan Center on West Campus campus. Hours: 7 am - 7 pm (mon - fri); 9 am - 5 pm (sat - sun). Served during: drink. Flat White available Iced or Hot and with milk substitutes of oat, skim, or whole. Item tags: caffeinated, dairy, drink. Venue tags: coffee,drinks,breakfast,grab-and-go,quick. "
27,1,Latte,drink,"Latte available Iced or Hot and with milk substitutes of oat, skim, or whole","dairy,drink,caffeinated","caffeinated, dairy, drink",Beyu Blue Coffee,West Campus,Bryan Center,7 am - 7 pm (mon - fri); 9 am - 5 pm (sat - sun),cafe,"Coffee, Tea, and Bakery Items","coffee,drinks,breakfast,grab-and-go,quick","Latte. Available at Beyu Blue Coffee (cafe cuisine) in Bryan Center on West Campus campus. Hours: 7 am - 7 pm (mon - fri); 9 am - 5 pm (sat - sun). Served during: drink. Latte available Iced or Hot and with milk substitutes of oat, skim, or whole. Item tags: caffeinated, dairy, drink. Venue tags: coffee,drinks,breakfast,grab-and-go,quick. "
28,1,Macchiato,drink,"Macchiato available Iced or Hot and with milk substitutes of oat, skim, or whole","drink,caffeinated","caffeinated, drink",Beyu Blue Coffee,West Campus,Bryan Center,7 am - 7 pm (mon - fri); 9 am - 5 pm (sat - sun),cafe,"Coffee, Tea, and Bakery Items","coffee,drinks,breakfast,grab-and-go,quick","Macchiato. Available at Beyu Blue Coffee (cafe cuisine) in Bryan Center on West Campus campus. Hours: 7 am - 7 pm (mon - fri); 9 am - 5 pm (sat - sun). Served during: drink. Macchiato available Iced or Hot and with milk substitutes of oat, skim, or whole. Item tags: caffeinated, drink. Venue tags: coffee,drinks,breakfast,grab-and-go,quick. "
29,1,Mocha,drink,"Mocha available Iced or Hot and with milk substitues of oat, skim, or whole","drink,caffeinated","caffeinated, drink",Beyu Blue Coffee,West Campus,Bryan Center,7 am - 7 pm (mon - fri); 9 am - 5 pm (sat - sun),cafe,"Coffee, Tea, and Bakery Items","coffee,drinks,breakfast,grab-and-go,quick","Mocha. Available at Beyu Blue Coffee (cafe cuisine) in Bryan Center on West Campus campus. Hours: 7 am - 7 pm (mon - fri); 9 am - 5 pm (sat - sun). Served during: drink. Mocha available Iced or Hot and with milk substitues of oat, skim, or whole. Item tags: caffeinated, drink. Venue tags: coffee,drinks,breakfast,grab-and-go,quick. "
30,1,Red Eye,drink,"Brew dripped coffee with shot of espresso available Iced or Hot and with milk substitutes of oat, skim, or whole","drink,caffeinated","caffeinated, drink",Beyu Blue Coffee,West Campus,Bryan Center,7 am - 7 pm (mon - fri); 9 am - 5 pm (sat - sun),cafe,"Coffee, Tea, and Bakery Items","coffee,drinks,breakfast,grab-and-go,quick","Red Eye. Available at Beyu Blue Coffee (cafe cuisine) in Bryan Center on West Campus campus. Hours: 7 am - 7 pm (mon - fri); 9 am - 5 pm (sat - sun). Served during: drink. Brew dripped coffee with shot of espresso available Iced or Hot and with milk substitutes of oat, skim, or whole. Item tags: caffeinated, drink. Venue tags: coffee,drinks,breakfast,grab-and-go,quick. "
31,2,Chicken Tenders,"lunch, dinner",Chicken Tenders,"comfort_food,fried,dinner","comfort_food, dinner, fried",Gothic Grill,West Campus,Bryan Center,11 am - Midnight (sun - thur); 11 am - 1 am (fri - sat),american,"Gothic Grill offers small plates, soups, sandwiches, salads, tacos, burgers, pizza, and local ice cream! Alchemy: Alchemy is Gothic Grill's bar establishment-open 4pm-close, seven days a week!","burgers,dinner,late night,pizza,tacos,dessert,bar","Chicken Tenders. Available at Gothic Grill (american cuisine) in Bryan Center on West Campus campus. Hours: 11 am - Midnight (sun - thur); 11 am - 1 am (fri - sat). Served during: lunch, dinner. Chicken Tenders. Item tags: comfort_food, dinner, fried. Venue tags: burgers,dinner,late night,pizza,tacos,dessert,bar. "
32,2,Crispy Cauliflower,"lunch, dinner, snack",crispy cauliflower with ranch,"vegetarian,comfort_food,fried","comfort_food, fried, vegetarian",Gothic Grill,West Campus,Bryan Center,11 am - Midnight (sun - thur); 11 am - 1 am (fri - sat),american,"Gothic Grill offers small plates, soups, sandwiches, salads, tacos, burgers, pizza, and local ice cream! Alchemy: Alchemy is Gothic Grill's bar establishment-open 4pm-close, seven days a week!","burgers,dinner,late night,pizza,tacos,dessert,bar","Crispy Cauliflower. Available at Gothic Grill (american cuisine) in Bryan Center on West Campus campus. Hours: 11 am - Midnight (sun - thur); 11 am - 1 am (fri - sat). Served during: lunch, dinner, snack. crispy cauliflower with ranch. Item tags: comfort_food, fried, vegetarian. Venue tags: burgers,dinner,late night,pizza,tacos,dessert,bar. "
33,2,Fried Shrimp,"lunch, dinner",Fried Shrimp,"fried,dinner,comfort_food","comfort_food, dinner, fried",Gothic Grill,West Campus,Bryan Center,11 am - Midnight (sun - thur); 11 am - 1 am (fri - sat),american,"Gothic Grill offers small plates, soups, sandwiches, salads, tacos, burgers, pizza, and local ice cream! Alchemy: Alchemy is Gothic Grill's bar establishment-open 4pm-close, seven days a week!","burgers,dinner,late night,pizza,tacos,dessert,bar","Fried Shrimp. Available at Gothic Grill (american cuisine) in Bryan Center on West Campus campus. Hours: 11 am - Midnight (sun - thur); 11 am - 1 am (fri - sat). Served during: lunch, dinner. Fried Shrimp. Item tags: comfort_food, dinner, fried. Venue tags: burgers,dinner,late night,pizza,tacos,dessert,bar. "
34,2,Sweet Potato Waffle Fries,"lunch, dinner, snack",Sweet Potato Waffle Fries,"fried,comfort_food,snack","comfort_food, fried, snack",Gothic Grill,West Campus,Bryan Center,11 am - Midnight (sun - thur); 11 am - 1 am (fri - sat),american,"Gothic Grill offers small plates, soups, sandwiches, salads, tacos, burgers, pizza, and local ice cream! Alchemy: Alchemy is Gothic Grill's bar establishment-open 4pm-close, seven days a week!","burgers,dinner,late night,pizza,tacos,dessert,bar","Sweet Potato Waffle Fries. Available at Gothic Grill (american cuisine) in Bryan Center on West Campus campus. Hours: 11 am - Midnight (sun - thur); 11 am - 1 am (fri - sat). Served during: lunch, dinner, snack. Sweet Potato Waffle Fries. Item tags: comfort_food, fried, snack. Venue tags: burgers,dinner,late night,pizza,tacos,dessert,bar. "
35,2,Buffalo Chicken Macaroni and Cheese,"lunch, dinner",Buffalo Chicken Macaroni and Cheese,"comfort_food,dinner,gluten","comfort_food, dinner, gluten",Gothic Grill,West Campus,Bryan Center,11 am - Midnight (sun - thur); 11 am - 1 am (fri - sat),american,"Gothic Grill offers small plates, soups, sandwiches, salads, tacos, burgers, pizza, and local ice cream! Alchemy: Alchemy is Gothic Grill's bar establishment-open 4pm-close, seven days a week!","burgers,dinner,late night,pizza,tacos,dessert,bar","Buffalo Chicken Macaroni and Cheese. Available at Gothic Grill (american cuisine) in Bryan Center on West Campus campus. Hours: 11 am - Midnight (sun - thur); 11 am - 1 am (fri - sat). Served during: lunch, dinner. Buffalo Chicken Macaroni and Cheese. Item tags: comfort_food, dinner, gluten. Venue tags: burgers,dinner,late night,pizza,tacos,dessert,bar. "
36,2,Macaroni and Cheese Cup,"lunch, dinner, snack",Macaroni and Cheese,"comfort_food,dairy,dinner","comfort_food, dairy, dinner",Gothic Grill,West Campus,Bryan Center,11 am - Midnight (sun - thur); 11 am - 1 am (fri - sat),american,"Gothic Grill offers small plates, soups, sandwiches, salads, tacos, burgers, pizza, and local ice cream! Alchemy: Alchemy is Gothic Grill's bar establishment-open 4pm-close, seven days a week!","burgers,dinner,late night,pizza,tacos,dessert,bar","Macaroni and Cheese Cup. Available at Gothic Grill (american cuisine) in Bryan Center on West Campus campus. Hours: 11 am - Midnight (sun - thur); 11 am - 1 am (fri - sat). Served during: lunch, dinner, snack. Macaroni and Cheese. Item tags: comfort_food, dairy, dinner. Venue tags: burgers,dinner,late night,pizza,tacos,dessert,bar. "
37,2,Mozzarella Sticks,"lunch, dinner, snack",Mozzarella Sticks,"dairy,fried,comfort_food,snack","comfort_food, dairy, fried, snack",Gothic Grill,West Campus,Bryan Center,11 am - Midnight (sun - thur); 11 am - 1 am (fri - sat),american,"Gothic Grill offers small plates, soups, sandwiches, salads, tacos, burgers, pizza, and local ice cream! Alchemy: Alchemy is Gothic Grill's bar establishment-open 4pm-close, seven days a week!","burgers,dinner,late night,pizza,tacos,dessert,bar","Mozzarella Sticks. Available at Gothic Grill (american cuisine) in Bryan Center on West Campus campus. Hours: 11 am - Midnight (sun - thur); 11 am - 1 am (fri - sat). Served during: lunch, dinner, snack. Mozzarella Sticks. Item tags: comfort_food, dairy, fried, snack. Venue tags: burgers,dinner,late night,pizza,tacos,dessert,bar. "
38,2,Chicken Cheese Nachos,"lunch, dinner, snack",Shredded Chicken and Cheese Nachos,"comfort_food,dinner,gluten","comfort_food, dinner, gluten",Gothic Grill,West Campus,Bryan Center,11 am - Midnight (sun - thur); 11 am - 1 am (fri - sat),american,"Gothic Grill offers small plates, soups, sandwiches, salads, tacos, burgers, pizza, and local ice cream! Alchemy: Alchemy is Gothic Grill's bar establishment-open 4pm-close, seven days a week!","burgers,dinner,late night,pizza,tacos,dessert,bar","Chicken Cheese Nachos. Available at Gothic Grill (american cuisine) in Bryan Center on West Campus campus. Hours: 11 am - Midnight (sun - thur); 11 am - 1 am (fri - sat). Served during: lunch, dinner, snack. Shredded Chicken and Cheese Nachos. Item tags: comfort_food, dinner, gluten. Venue tags: burgers,dinner,late night,pizza,tacos,dessert,bar. "
39,2,Bavarian Pretzel,"lunch, snack",Bavarian Pretzel,comfort_food,comfort_food,Gothic Grill,West Campus,Bryan Center,11 am - Midnight (sun - thur); 11 am - 1 am (fri - sat),american,"Gothic Grill offers small plates, soups, sandwiches, salads, tacos, burgers, pizza, and local ice cream! Alchemy: Alchemy is Gothic Grill's bar establishment-open 4pm-close, seven days a week!","burgers,dinner,late night,pizza,tacos,dessert,bar","Bavarian Pretzel. Available at Gothic Grill (american cuisine) in Bryan Center on West Campus campus. Hours: 11 am - Midnight (sun - thur); 11 am - 1 am (fri - sat). Served during: lunch, snack. Bavarian Pretzel. Item tags: comfort_food. Venue tags: burgers,dinner,late night,pizza,tacos,dessert,bar. "
40,2,Tortilla Chips with Guacamole,snack,Tortilla Chips with Guacamole,"snack,comfort_food","comfort_food, snack",Gothic Grill,West Campus,Bryan Center,11 am - Midnight (sun - thur); 11 am - 1 am (fri - sat),american,"Gothic Grill offers small plates, soups, sandwiches, salads, tacos, burgers, pizza, and local ice cream! Alchemy: Alchemy is Gothic Grill's bar establishment-open 4pm-close, seven days a week!","burgers,dinner,late night,pizza,tacos,dessert,bar","Tortilla Chips with Guacamole. Available at Gothic Grill (american cuisine) in Bryan Center on West Campus campus. Hours: 11 am - Midnight (sun - thur); 11 am - 1 am (fri - sat). Served during: snack. Tortilla Chips with Guacamole. Item tags: comfort_food, snack. Venue tags: burgers,dinner,late night,pizza,tacos,dessert,bar. "
41,2,Chicken Wings,"lunch, dinner",chicken wings,"comfort_food,dinner,snack,fried","comfort_food, dinner, fried, snack",Gothic Grill,West Campus,Bryan Center,11 am - Midnight (sun - thur); 11 am - 1 am (fri - sat),american,"Gothic Grill offers small plates, soups, sandwiches, salads, tacos, burgers, pizza, and local ice cream! Alchemy: Alchemy is Gothic Grill's bar establishment-open 4pm-close, seven days a week!","burgers,dinner,late night,pizza,tacos,dessert,bar","Chicken Wings. Available at Gothic Grill (american cuisine) in Bryan Center on West Campus campus. Hours: 11 am - Midnight (sun - thur); 11 am - 1 am (fri - sat). Served during: lunch, dinner. chicken wings. Item tags: comfort_food, dinner, fried, snack. Venue tags: burgers,dinner,late night,pizza,tacos,dessert,bar. "
42,2,Caesar Salad,"lunch, dinner",Caesar Salad,"vegetarian,lunch,dinner,healthy","dinner, healthy, lunch, vegetarian",Gothic Grill,West Campus,Bryan Center,11 am - Midnight (sun - thur); 11 am - 1 am (fri - sat),american,"Gothic Grill offers small plates, soups, sandwiches, salads, tacos, burgers, pizza, and local ice cream! Alchemy: Alchemy is Gothic Grill's bar establishment-open 4pm-close, seven days a week!","burgers,dinner,late night,pizza,tacos,dessert,bar","Caesar Salad. Available at Gothic Grill (american cuisine) in Bryan Center on West Campus campus. Hours: 11 am - Midnight (sun - thur); 11 am - 1 am (fri - sat). Served during: lunch, dinner. Caesar Salad. Item tags: dinner, healthy, lunch, vegetarian. Venue tags: burgers,dinner,late night,pizza,tacos,dessert,bar. "
43,2,Caprese Salad,"lunch, dinner",Caprese Salad,"vegetarian,healthy,dinner,lunch","dinner, healthy, lunch, vegetarian",Gothic Grill,West Campus,Bryan Center,11 am - Midnight (sun - thur); 11 am - 1 am (fri - sat),american,"Gothic Grill offers small plates, soups, sandwiches, salads, tacos, burgers, pizza, and local ice cream! Alchemy: Alchemy is Gothic Grill's bar establishment-open 4pm-close, seven days a week!","burgers,dinner,late night,pizza,tacos,dessert,bar","Caprese Salad. Available at Gothic Grill (american cuisine) in Bryan Center on West Campus campus. Hours: 11 am - Midnight (sun - thur); 11 am - 1 am (fri - sat). Served during: lunch, dinner. Caprese Salad. Item tags: dinner, healthy, lunch, vegetarian. Venue tags: burgers,dinner,late night,pizza,tacos,dessert,bar. "
44,2,Grilled Chicken Salad,"lunch, dinner",Grilled Chicken Salad,"lunch,dinner,high_protein,healthy","dinner, healthy, high_protein, lunch",Gothic Grill,West Campus,Bryan Center,11 am - Midnight (sun - thur); 11 am - 1 am (fri - sat),american,"Gothic Grill offers small plates, soups, sandwiches, salads, tacos, burgers, pizza, and local ice cream! Alchemy: Alchemy is Gothic Grill's bar establishment-open 4pm-close, seven days a week!","burgers,dinner,late night,pizza,tacos,dessert,bar","Grilled Chicken Salad. Available at Gothic Grill (american cuisine) in Bryan Center on West Campus campus. Hours: 11 am - Midnight (sun - thur); 11 am - 1 am (fri - sat). Served during: lunch, dinner. Grilled Chicken Salad. Item tags: dinner, healthy, high_protein, lunch. Venue tags: burgers,dinner,late night,pizza,tacos,dessert,bar. "
45,2,Crispy Buffalo Chicken Salad,"lunch, dinner",Crispy Buffalo Chicken Salad,"lunch,dinner,comfort_food,spicy","comfort_food, dinner, lunch, spicy",Gothic Grill,West Campus,Bryan Center,11 am - Midnight (sun - thur); 11 am - 1 am (fri - sat),american,"Gothic Grill offers small plates, soups, sandwiches, salads, tacos, burgers, pizza, and local ice cream! Alchemy: Alchemy is Gothic Grill's bar establishment-open 4pm-close, seven days a week!","burgers,dinner,late night,pizza,tacos,dessert,bar","Crispy Buffalo Chicken Salad. Available at Gothic Grill (american cuisine) in Bryan Center on West Campus campus. Hours: 11 am - Midnight (sun - thur); 11 am - 1 am (fri - sat). Served during: lunch, dinner. Crispy Buffalo Chicken Salad. Item tags: comfort_food, dinner, lunch, spicy. Venue tags: burgers,dinner,late night,pizza,tacos,dessert,bar. "
46,2,Crispy Chicken Caesar Salad,"lunch, dinner",Crispy Chicken Caesar Salad,"lunch,dinner,comfort_food","comfort_food, dinner, lunch",Gothic Grill,West Campus,Bryan Center,11 am - Midnight (sun - thur); 11 am - 1 am (fri - sat),american,"Gothic Grill offers small plates, soups, sandwiches, salads, tacos, burgers, pizza, and local ice cream! Alchemy: Alchemy is Gothic Grill's bar establishment-open 4pm-close, seven days a week!","burgers,dinner,late night,pizza,tacos,dessert,bar","Crispy Chicken Caesar Salad. Available at Gothic Grill (american cuisine) in Bryan Center on West Campus campus. Hours: 11 am - Midnight (sun - thur); 11 am - 1 am (fri - sat). Served during: lunch, dinner. Crispy Chicken Caesar Salad. Item tags: comfort_food, dinner, lunch. Venue tags: burgers,dinner,late night,pizza,tacos,dessert,bar. "
47,2,Tomato Basil Soup,"lunch, dinner",Tomato Basil Soup,"vegetarian,healthy,lunch,dinner","dinner, healthy, lunch, vegetarian",Gothic Grill,West Campus,Bryan Center,11 am - Midnight (sun - thur); 11 am - 1 am (fri - sat),american,"Gothic Grill offers small plates, soups, sandwiches, salads, tacos, burgers, pizza, and local ice cream! Alchemy: Alchemy is Gothic Grill's bar establishment-open 4pm-close, seven days a week!","burgers,dinner,late night,pizza,tacos,dessert,bar","Tomato Basil Soup. Available at Gothic Grill (american cuisine) in Bryan Center on West Campus campus. Hours: 11 am - Midnight (sun - thur); 11 am - 1 am (fri - sat). Served during: lunch, dinner. Tomato Basil Soup. Item tags: dinner, healthy, lunch, vegetarian. Venue tags: burgers,dinner,late night,pizza,tacos,dessert,bar. "
48,2,BLT-A Sandwich,"lunch, dinner","Bacon, lettuce, tomato and avocado sandwich","lunch,dinner,comfort_food","comfort_food, dinner, lunch",Gothic Grill,West Campus,Bryan Center,11 am - Midnight (sun - thur); 11 am - 1 am (fri - sat),american,"Gothic Grill offers small plates, soups, sandwiches, salads, tacos, burgers, pizza, and local ice cream! Alchemy: Alchemy is Gothic Grill's bar establishment-open 4pm-close, seven days a week!","burgers,dinner,late night,pizza,tacos,dessert,bar","BLT-A Sandwich. Available at Gothic Grill (american cuisine) in Bryan Center on West Campus campus. Hours: 11 am - Midnight (sun - thur); 11 am - 1 am (fri - sat). Served during: lunch, dinner. Bacon, lettuce, tomato and avocado sandwich. Item tags: comfort_food, dinner, lunch. Venue tags: burgers,dinner,late night,pizza,tacos,dessert,bar. "
49,2,Vegetable Cheesesteak,"lunch, dinner","Vegetable Cheesesteak with grilled portobello mushrooms, onions, peppers, vegan cheese and vegan pesto","vegetarian,vegan,dinner","dinner, vegan, vegetarian",Gothic Grill,West Campus,Bryan Center,11 am - Midnight (sun - thur); 11 am - 1 am (fri - sat),american,"Gothic Grill offers small plates, soups, sandwiches, salads, tacos, burgers, pizza, and local ice cream! Alchemy: Alchemy is Gothic Grill's bar establishment-open 4pm-close, seven days a week!","burgers,dinner,late night,pizza,tacos,dessert,bar","Vegetable Cheesesteak. Available at Gothic Grill (american cuisine) in Bryan Center on West Campus campus. Hours: 11 am - Midnight (sun - thur); 11 am - 1 am (fri - sat). Served during: lunch, dinner. Vegetable Cheesesteak with grilled portobello mushrooms, onions, peppers, vegan cheese and vegan pesto. Item tags: dinner, vegan, vegetarian. Venue tags: burgers,dinner,late night,pizza,tacos,dessert,bar. "
50,2,Buffalo Chicken Wrap,"lunch, dinner","Buffalo Chicken Wrap with crispy chicken, lettuce, tomato, shredded cheese and ranch","comfort_food,lunch,dinner,high_protein,fried,spicy","comfort_food, dinner, fried, high_protein, lunch, spicy",Gothic Grill,West Campus,Bryan Center,11 am - Midnight (sun - thur); 11 am - 1 am (fri - sat),american,"Gothic Grill offers small plates, soups, sandwiches, salads, tacos, burgers, pizza, and local ice cream! Alchemy: Alchemy is Gothic Grill's bar establishment-open 4pm-close, seven days a week!","burgers,dinner,late night,pizza,tacos,dessert,bar","Buffalo Chicken Wrap. Available at Gothic Grill (american cuisine) in Bryan Center on West Campus campus. Hours: 11 am - Midnight (sun - thur); 11 am - 1 am (fri - sat). Served during: lunch, dinner. Buffalo Chicken Wrap with crispy chicken, lettuce, tomato, shredded cheese and ranch. Item tags: comfort_food, dinner, fried, high_protein, lunch, spicy. Venue tags: burgers,dinner,late night,pizza,tacos,dessert,bar. "
51,2,Buffalo Shrimp Wrap,"lunch, dinner","Buffalo Shrimp Wrap with Crispy Shrimp tossed in Buffalo Sauce, Lettuce, Tomato, Shredded Monterey  Jack Cheese and Ranch","comfort_food,lunch,dinner,fried,spicy","comfort_food, dinner, fried, lunch, spicy",Gothic Grill,West Campus,Bryan Center,11 am - Midnight (sun - thur); 11 am - 1 am (fri - sat),american,"Gothic Grill offers small plates, soups, sandwiches, salads, tacos, burgers, pizza, and local ice cream! Alchemy: Alchemy is Gothic Grill's bar establishment-open 4pm-close, seven days a week!","burgers,dinner,late night,pizza,tacos,dessert,bar","Buffalo Shrimp Wrap. Available at Gothic Grill (american cuisine) in Bryan Center on West Campus campus. Hours: 11 am - Midnight (sun - thur); 11 am - 1 am (fri - sat). Served during: lunch, dinner. Buffalo Shrimp Wrap with Crispy Shrimp tossed in Buffalo Sauce, Lettuce, Tomato, Shredded Monterey  Jack Cheese and Ranch. Item tags: comfort_food, dinner, fried, lunch, spicy. Venue tags: burgers,dinner,late night,pizza,tacos,dessert,bar. "
52,2,Chicken Caesar Wrap,"lunch, dinner","Chicken Caesar Wrap with sliced grilled chicken, romaine lettuce, parmesan, and tomatoes","lunch,dinner,comfort_food,high_protein","comfort_food, dinner, high_protein, lunch",Gothic Grill,West Campus,Bryan Center,11 am - Midnight (sun - thur); 11 am - 1 am (fri - sat),american,"Gothic Grill offers small plates, soups, sandwiches, salads, tacos, burgers, pizza, and local ice cream! Alchemy: Alchemy is Gothic Grill's bar establishment-open 4pm-close, seven days a week!","burgers,dinner,late night,pizza,tacos,dessert,bar","Chicken Caesar Wrap. Available at Gothic Grill (american cuisine) in Bryan Center on West Campus campus. Hours: 11 am - Midnight (sun - thur); 11 am - 1 am (fri - sat). Served during: lunch, dinner. Chicken Caesar Wrap with sliced grilled chicken, romaine lettuce, parmesan, and tomatoes. Item tags: comfort_food, dinner, high_protein, lunch. Venue tags: burgers,dinner,late night,pizza,tacos,dessert,bar. "
53,2,Chicken Philly,"lunch, dinner","Sauteed grilled chicken with peppers, onions, provolone chees on a hoagie","dinner,lunch,comfort_food,gluten,dairy","comfort_food, dairy, dinner, gluten, lunch",Gothic Grill,West Campus,Bryan Center,11 am - Midnight (sun - thur); 11 am - 1 am (fri - sat),american,"Gothic Grill offers small plates, soups, sandwiches, salads, tacos, burgers, pizza, and local ice cream! Alchemy: Alchemy is Gothic Grill's bar establishment-open 4pm-close, seven days a week!","burgers,dinner,late night,pizza,tacos,dessert,bar","Chicken Philly. Available at Gothic Grill (american cuisine) in Bryan Center on West Campus campus. Hours: 11 am - Midnight (sun - thur); 11 am - 1 am (fri - sat). Served during: lunch, dinner. Sauteed grilled chicken with peppers, onions, provolone chees on a hoagie. Item tags: comfort_food, dairy, dinner, gluten, lunch. Venue tags: burgers,dinner,late night,pizza,tacos,dessert,bar. "
54,2,Southern Fried Chicken Sandwich,"lunch, dinner","Southern Fried Chicken Sandwich with shredded lettuce, dill pickles, and mayo","fried,comfort_food,lunch,dinner","comfort_food, dinner, fried, lunch",Gothic Grill,West Campus,Bryan Center,11 am - Midnight (sun - thur); 11 am - 1 am (fri - sat),american,"Gothic Grill offers small plates, soups, sandwiches, salads, tacos, burgers, pizza, and local ice cream! Alchemy: Alchemy is Gothic Grill's bar establishment-open 4pm-close, seven days a week!","burgers,dinner,late night,pizza,tacos,dessert,bar","Southern Fried Chicken Sandwich. Available at Gothic Grill (american cuisine) in Bryan Center on West Campus campus. Hours: 11 am - Midnight (sun - thur); 11 am - 1 am (fri - sat). Served during: lunch, dinner. Southern Fried Chicken Sandwich with shredded lettuce, dill pickles, and mayo. Item tags: comfort_food, dinner, fried, lunch. Venue tags: burgers,dinner,late night,pizza,tacos,dessert,bar. "
55,2,Grilled Chicken Parm Sandwich,"lunch, dinner","Grilled Chicken Parm Sandwich with provolone, spinach, and red sauce","dinner,comfort_food,gluten","comfort_food, dinner, gluten",Gothic Grill,West Campus,Bryan Center,11 am - Midnight (sun - thur); 11 am - 1 am (fri - sat),american,"Gothic Grill offers small plates, soups, sandwiches, salads, tacos, burgers, pizza, and local ice cream! Alchemy: Alchemy is Gothic Grill's bar establishment-open 4pm-close, seven days a week!","burgers,dinner,late night,pizza,tacos,dessert,bar","Grilled Chicken Parm Sandwich. Available at Gothic Grill (american cuisine) in Bryan Center on West Campus campus. Hours: 11 am - Midnight (sun - thur); 11 am - 1 am (fri - sat). Served during: lunch, dinner. Grilled Chicken Parm Sandwich with provolone, spinach, and red sauce. Item tags: comfort_food, dinner, gluten. Venue tags: burgers,dinner,late night,pizza,tacos,dessert,bar. "
56,2,Grilled Chicken Sandwich,"lunch, dinner","Grilled Chicken Sandwich with lettuce, tomato, onion, cheese, pickle","lunch,dinner,comfort_food","comfort_food, dinner, lunch",Gothic Grill,West Campus,Bryan Center,11 am - Midnight (sun - thur); 11 am - 1 am (fri - sat),american,"Gothic Grill offers small plates, soups, sandwiches, salads, tacos, burgers, pizza, and local ice cream! Alchemy: Alchemy is Gothic Grill's bar establishment-open 4pm-close, seven days a week!","burgers,dinner,late night,pizza,tacos,dessert,bar","Grilled Chicken Sandwich. Available at Gothic Grill (american cuisine) in Bryan Center on West Campus campus. Hours: 11 am - Midnight (sun - thur); 11 am - 1 am (fri - sat). Served during: lunch, dinner. Grilled Chicken Sandwich with lettuce, tomato, onion, cheese, pickle. Item tags: comfort_food, dinner, lunch. Venue tags: burgers,dinner,late night,pizza,tacos,dessert,bar. "
57,2,Philly Cheesesteak,"lunch, dinner","Philly Cheesesteak with melty provolone, grilled onions, and peppers","dinner,comfort_food,gluten,dairy","comfort_food, dairy, dinner, gluten",Gothic Grill,West Campus,Bryan Center,11 am - Midnight (sun - thur); 11 am - 1 am (fri - sat),american,"Gothic Grill offers small plates, soups, sandwiches, salads, tacos, burgers, pizza, and local ice cream! Alchemy: Alchemy is Gothic Grill's bar establishment-open 4pm-close, seven days a week!","burgers,dinner,late night,pizza,tacos,dessert,bar","Philly Cheesesteak. Available at Gothic Grill (american cuisine) in Bryan Center on West Campus campus. Hours: 11 am - Midnight (sun - thur); 11 am - 1 am (fri - sat). Served during: lunch, dinner. Philly Cheesesteak with melty provolone, grilled onions, and peppers. Item tags: comfort_food, dairy, dinner, gluten. Venue tags: burgers,dinner,late night,pizza,tacos,dessert,bar. "
58,2,Turkey Grinder,"lunch, dinner",Turkey Grinder with smoked gouda on sourdough with arugula and sundried tomato aioli,"lunch,dinner,comfort_food,gluten,dairy","comfort_food, dairy, dinner, gluten, lunch",Gothic Grill,West Campus,Bryan Center,11 am - Midnight (sun - thur); 11 am - 1 am (fri - sat),american,"Gothic Grill offers small plates, soups, sandwiches, salads, tacos, burgers, pizza, and local ice cream! Alchemy: Alchemy is Gothic Grill's bar establishment-open 4pm-close, seven days a week!","burgers,dinner,late night,pizza,tacos,dessert,bar","Turkey Grinder. Available at Gothic Grill (american cuisine) in Bryan Center on West Campus campus. Hours: 11 am - Midnight (sun - thur); 11 am - 1 am (fri - sat). Served during: lunch, dinner. Turkey Grinder with smoked gouda on sourdough with arugula and sundried tomato aioli. Item tags: comfort_food, dairy, dinner, gluten, lunch. Venue tags: burgers,dinner,late night,pizza,tacos,dessert,bar. "
59,2,Grilled Cheese,"lunch, dinner","Grilled Cheese with provolone, gouda, and american cheese","dairy,comfort_food,lunch,dinner","comfort_food, dairy, dinner, lunch",Gothic Grill,West Campus,Bryan Center,11 am - Midnight (sun - thur); 11 am - 1 am (fri - sat),american,"Gothic Grill offers small plates, soups, sandwiches, salads, tacos, burgers, pizza, and local ice cream! Alchemy: Alchemy is Gothic Grill's bar establishment-open 4pm-close, seven days a week!","burgers,dinner,late night,pizza,tacos,dessert,bar","Grilled Cheese. Available at Gothic Grill (american cuisine) in Bryan Center on West Campus campus. Hours: 11 am - Midnight (sun - thur); 11 am - 1 am (fri - sat). Served during: lunch, dinner. Grilled Cheese with provolone, gouda, and american cheese. Item tags: comfort_food, dairy, dinner, lunch. Venue tags: burgers,dinner,late night,pizza,tacos,dessert,bar. "
60,2,Chicken Foccacia,"lunch, dinner",Chicken Foccacia,"dinner,lunch,comfort_food","comfort_food, dinner, lunch",Gothic Grill,West Campus,Bryan Center,11 am - Midnight (sun - thur); 11 am - 1 am (fri - sat),american,"Gothic Grill offers small plates, soups, sandwiches, salads, tacos, burgers, pizza, and local ice cream! Alchemy: Alchemy is Gothic Grill's bar establishment-open 4pm-close, seven days a week!","burgers,dinner,late night,pizza,tacos,dessert,bar","Chicken Foccacia. Available at Gothic Grill (american cuisine) in Bryan Center on West Campus campus. Hours: 11 am - Midnight (sun - thur); 11 am - 1 am (fri - sat). Served during: lunch, dinner. Chicken Foccacia. Item tags: comfort_food, dinner, lunch. Venue tags: burgers,dinner,late night,pizza,tacos,dessert,bar. "
61,2,Buffalo Cauliflower Wrap,"lunch, dinner","Buffalo Cauliflower Wrap with crispy fried cauliflower tossed in buffalo sauce with lettuce, tomatoes, and blue cheese dressing","vegetarian,comfort_food,fried,lunch,spicy","comfort_food, fried, lunch, spicy, vegetarian",Gothic Grill,West Campus,Bryan Center,11 am - Midnight (sun - thur); 11 am - 1 am (fri - sat),american,"Gothic Grill offers small plates, soups, sandwiches, salads, tacos, burgers, pizza, and local ice cream! Alchemy: Alchemy is Gothic Grill's bar establishment-open 4pm-close, seven days a week!","burgers,dinner,late night,pizza,tacos,dessert,bar","Buffalo Cauliflower Wrap. Available at Gothic Grill (american cuisine) in Bryan Center on West Campus campus. Hours: 11 am - Midnight (sun - thur); 11 am - 1 am (fri - sat). Served during: lunch, dinner. Buffalo Cauliflower Wrap with crispy fried cauliflower tossed in buffalo sauce with lettuce, tomatoes, and blue cheese dressing. Item tags: comfort_food, fried, lunch, spicy, vegetarian. Venue tags: burgers,dinner,late night,pizza,tacos,dessert,bar. "
62,2,Crispy Buffalo Chicken Sandwich,"lunch, dinner",Crispy Buffalo Chicken Sandwich with pickles and lettuce,"comfort_food,lunch,dinner,fried,spicy","comfort_food, dinner, fried, lunch, spicy",Gothic Grill,West Campus,Bryan Center,11 am - Midnight (sun - thur); 11 am - 1 am (fri - sat),american,"Gothic Grill offers small plates, soups, sandwiches, salads, tacos, burgers, pizza, and local ice cream! Alchemy: Alchemy is Gothic Grill's bar establishment-open 4pm-close, seven days a week!","burgers,dinner,late night,pizza,tacos,dessert,bar","Crispy Buffalo Chicken Sandwich. Available at Gothic Grill (american cuisine) in Bryan Center on West Campus campus. Hours: 11 am - Midnight (sun - thur); 11 am - 1 am (fri - sat). Served during: lunch, dinner. Crispy Buffalo Chicken Sandwich with pickles and lettuce. Item tags: comfort_food, dinner, fried, lunch, spicy. Venue tags: burgers,dinner,late night,pizza,tacos,dessert,bar. "
63,2,Crispy Sweet Chili Chicken Sandwich,"lunch, dinner",Crispy Sweet Chili Chicken Sandwich with lettuce and pickles,"fried,comfort_food,lunch,dinner,spicy","comfort_food, dinner, fried, lunch, spicy",Gothic Grill,West Campus,Bryan Center,11 am - Midnight (sun - thur); 11 am - 1 am (fri - sat),american,"Gothic Grill offers small plates, soups, sandwiches, salads, tacos, burgers, pizza, and local ice cream! Alchemy: Alchemy is Gothic Grill's bar establishment-open 4pm-close, seven days a week!","burgers,dinner,late night,pizza,tacos,dessert,bar","Crispy Sweet Chili Chicken Sandwich. Available at Gothic Grill (american cuisine) in Bryan Center on West Campus campus. Hours: 11 am - Midnight (sun - thur); 11 am - 1 am (fri - sat). Served during: lunch, dinner. Crispy Sweet Chili Chicken Sandwich with lettuce and pickles. Item tags: comfort_food, dinner, fried, lunch, spicy. Venue tags: burgers,dinner,late night,pizza,tacos,dessert,bar. "
64,2,Turkey Club Wrap,"lunch, dinner","Turkey Club Wrap with sliced turkey breast, bacon, avocado, lettuce, honey mustard","lunch,dinner,comfort_food,high_protein","comfort_food, dinner, high_protein, lunch",Gothic Grill,West Campus,Bryan Center,11 am - Midnight (sun - thur); 11 am - 1 am (fri - sat),american,"Gothic Grill offers small plates, soups, sandwiches, salads, tacos, burgers, pizza, and local ice cream! Alchemy: Alchemy is Gothic Grill's bar establishment-open 4pm-close, seven days a week!","burgers,dinner,late night,pizza,tacos,dessert,bar","Turkey Club Wrap. Available at Gothic Grill (american cuisine) in Bryan Center on West Campus campus. Hours: 11 am - Midnight (sun - thur); 11 am - 1 am (fri - sat). Served during: lunch, dinner. Turkey Club Wrap with sliced turkey breast, bacon, avocado, lettuce, honey mustard. Item tags: comfort_food, dinner, high_protein, lunch. Venue tags: burgers,dinner,late night,pizza,tacos,dessert,bar. "
65,2,Terriyaki Grilled Chicken Sandwich,"lunch, dinner","Terriyaki Grilled Chicken Sandwich with grilled chicken, sweet teriyaki sauce, pineapple, lettuce, tomatoes, and red onion","lunch,dinner,comfort_food,high_protein","comfort_food, dinner, high_protein, lunch",Gothic Grill,West Campus,Bryan Center,11 am - Midnight (sun - thur); 11 am - 1 am (fri - sat),american,"Gothic Grill offers small plates, soups, sandwiches, salads, tacos, burgers, pizza, and local ice cream! Alchemy: Alchemy is Gothic Grill's bar establishment-open 4pm-close, seven days a week!","burgers,dinner,late night,pizza,tacos,dessert,bar","Terriyaki Grilled Chicken Sandwich. Available at Gothic Grill (american cuisine) in Bryan Center on West Campus campus. Hours: 11 am - Midnight (sun - thur); 11 am - 1 am (fri - sat). Served during: lunch, dinner. Terriyaki Grilled Chicken Sandwich with grilled chicken, sweet teriyaki sauce, pineapple, lettuce, tomatoes, and red onion. Item tags: comfort_food, dinner, high_protein, lunch. Venue tags: burgers,dinner,late night,pizza,tacos,dessert,bar. "
66,2,Island Pizza,"lunch, dinner","Pizza with ham, bacon, caramelized onion, pineapple, jalapeno","dinner,comfort_food,spicy","comfort_food, dinner, spicy",Gothic Grill,West Campus,Bryan Center,11 am - Midnight (sun - thur); 11 am - 1 am (fri - sat),american,"Gothic Grill offers small plates, soups, sandwiches, salads, tacos, burgers, pizza, and local ice cream! Alchemy: Alchemy is Gothic Grill's bar establishment-open 4pm-close, seven days a week!","burgers,dinner,late night,pizza,tacos,dessert,bar","Island Pizza. Available at Gothic Grill (american cuisine) in Bryan Center on West Campus campus. Hours: 11 am - Midnight (sun - thur); 11 am - 1 am (fri - sat). Served during: lunch, dinner. Pizza with ham, bacon, caramelized onion, pineapple, jalapeno. Item tags: comfort_food, dinner, spicy. Venue tags: burgers,dinner,late night,pizza,tacos,dessert,bar. "
67,2,Build Your Own Pizza,"lunch, dinner",Choose from a variety of protein and toppings,"dinner,lunch,comfort_food","comfort_food, dinner, lunch",Gothic Grill,West Campus,Bryan Center,11 am - Midnight (sun - thur); 11 am - 1 am (fri - sat),american,"Gothic Grill offers small plates, soups, sandwiches, salads, tacos, burgers, pizza, and local ice cream! Alchemy: Alchemy is Gothic Grill's bar establishment-open 4pm-close, seven days a week!","burgers,dinner,late night,pizza,tacos,dessert,bar","Build Your Own Pizza. Available at Gothic Grill (american cuisine) in Bryan Center on West Campus campus. Hours: 11 am - Midnight (sun - thur); 11 am - 1 am (fri - sat). Served during: lunch, dinner. Choose from a variety of protein and toppings. Item tags: comfort_food, dinner, lunch. Venue tags: burgers,dinner,late night,pizza,tacos,dessert,bar. "
68,2,Buffalo Chicken Pizza,"lunch, dinner","Pizza with crispy buffalo chicken, bacon, monterey jack, and mozzarella ranch drizzle","dinner,comfort_food,fried,high_protein","comfort_food, dinner, fried, high_protein",Gothic Grill,West Campus,Bryan Center,11 am - Midnight (sun - thur); 11 am - 1 am (fri - sat),american,"Gothic Grill offers small plates, soups, sandwiches, salads, tacos, burgers, pizza, and local ice cream! Alchemy: Alchemy is Gothic Grill's bar establishment-open 4pm-close, seven days a week!","burgers,dinner,late night,pizza,tacos,dessert,bar","Buffalo Chicken Pizza. Available at Gothic Grill (american cuisine) in Bryan Center on West Campus campus. Hours: 11 am - Midnight (sun - thur); 11 am - 1 am (fri - sat). Served during: lunch, dinner. Pizza with crispy buffalo chicken, bacon, monterey jack, and mozzarella ranch drizzle. Item tags: comfort_food, dinner, fried, high_protein. Venue tags: burgers,dinner,late night,pizza,tacos,dessert,bar. "
69,2,Meateater Pizza,"lunch, dinner","Pizza with bacon, ham, pepperoni, sausage, mozzarella, and marinara sauce","dinner,comfort_food,gluten","comfort_food, dinner, gluten",Gothic Grill,West Campus,Bryan Center,11 am - Midnight (sun - thur); 11 am - 1 am (fri - sat),american,"Gothic Grill offers small plates, soups, sandwiches, salads, tacos, burgers, pizza, and local ice cream! Alchemy: Alchemy is Gothic Grill's bar establishment-open 4pm-close, seven days a week!","burgers,dinner,late night,pizza,tacos,dessert,bar","Meateater Pizza. Available at Gothic Grill (american cuisine) in Bryan Center on West Campus campus. Hours: 11 am - Midnight (sun - thur); 11 am - 1 am (fri - sat). Served during: lunch, dinner. Pizza with bacon, ham, pepperoni, sausage, mozzarella, and marinara sauce. Item tags: comfort_food, dinner, gluten. Venue tags: burgers,dinner,late night,pizza,tacos,dessert,bar. "
70,2,Pepperoni Calzone,"lunch, dinner","Baked calzone with pepperoni, ricotta, and marinara sauce","dinner,comfort_food,gluten","comfort_food, dinner, gluten",Gothic Grill,West Campus,Bryan Center,11 am - Midnight (sun - thur); 11 am - 1 am (fri - sat),american,"Gothic Grill offers small plates, soups, sandwiches, salads, tacos, burgers, pizza, and local ice cream! Alchemy: Alchemy is Gothic Grill's bar establishment-open 4pm-close, seven days a week!","burgers,dinner,late night,pizza,tacos,dessert,bar","Pepperoni Calzone. Available at Gothic Grill (american cuisine) in Bryan Center on West Campus campus. Hours: 11 am - Midnight (sun - thur); 11 am - 1 am (fri - sat). Served during: lunch, dinner. Baked calzone with pepperoni, ricotta, and marinara sauce. Item tags: comfort_food, dinner, gluten. Venue tags: burgers,dinner,late night,pizza,tacos,dessert,bar. "
71,2,Cali Chicken Pizza,"lunch, dinner","Grilled Chicken Pesto, Tomato, Arugula, Fresh Avocado, Mozzarella","dinner,lunch,comfort_food,gluten,dairy","comfort_food, dairy, dinner, gluten, lunch",Gothic Grill,West Campus,Bryan Center,11 am - Midnight (sun - thur); 11 am - 1 am (fri - sat),american,"Gothic Grill offers small plates, soups, sandwiches, salads, tacos, burgers, pizza, and local ice cream! Alchemy: Alchemy is Gothic Grill's bar establishment-open 4pm-close, seven days a week!","burgers,dinner,late night,pizza,tacos,dessert,bar","Cali Chicken Pizza. Available at Gothic Grill (american cuisine) in Bryan Center on West Campus campus. Hours: 11 am - Midnight (sun - thur); 11 am - 1 am (fri - sat). Served during: lunch, dinner. Grilled Chicken Pesto, Tomato, Arugula, Fresh Avocado, Mozzarella. Item tags: comfort_food, dairy, dinner, gluten, lunch. Venue tags: burgers,dinner,late night,pizza,tacos,dessert,bar. "
72,2,Cheese Pizza,"lunch, dinner",Cheese Pizza,"dairy,comfort_food,dinner,lunch","comfort_food, dairy, dinner, lunch",Gothic Grill,West Campus,Bryan Center,11 am - Midnight (sun - thur); 11 am - 1 am (fri - sat),american,"Gothic Grill offers small plates, soups, sandwiches, salads, tacos, burgers, pizza, and local ice cream! Alchemy: Alchemy is Gothic Grill's bar establishment-open 4pm-close, seven days a week!","burgers,dinner,late night,pizza,tacos,dessert,bar","Cheese Pizza. Available at Gothic Grill (american cuisine) in Bryan Center on West Campus campus. Hours: 11 am - Midnight (sun - thur); 11 am - 1 am (fri - sat). Served during: lunch, dinner. Cheese Pizza. Item tags: comfort_food, dairy, dinner, lunch. Venue tags: burgers,dinner,late night,pizza,tacos,dessert,bar. "
73,2,Veggie Calzone,"lunch, dinner","Baked calzone with mozzarella, ricotta, marinara, red onions, red bell peppers, spinach, and mushrooms","vegetarian,dairy,lunch,dinner,comfort_food","comfort_food, dairy, dinner, lunch, vegetarian",Gothic Grill,West Campus,Bryan Center,11 am - Midnight (sun - thur); 11 am - 1 am (fri - sat),american,"Gothic Grill offers small plates, soups, sandwiches, salads, tacos, burgers, pizza, and local ice cream! Alchemy: Alchemy is Gothic Grill's bar establishment-open 4pm-close, seven days a week!","burgers,dinner,late night,pizza,tacos,dessert,bar","Veggie Calzone. Available at Gothic Grill (american cuisine) in Bryan Center on West Campus campus. Hours: 11 am - Midnight (sun - thur); 11 am - 1 am (fri - sat). Served during: lunch, dinner. Baked calzone with mozzarella, ricotta, marinara, red onions, red bell peppers, spinach, and mushrooms. Item tags: comfort_food, dairy, dinner, lunch, vegetarian. Venue tags: burgers,dinner,late night,pizza,tacos,dessert,bar. "
74,2,Veg Pizza,"lunch, dinner","Pizza with spinach, mushroom, red pepper, onion, olives, and vegan cheese","vegetarian,vegan,dinner","dinner, vegan, vegetarian",Gothic Grill,West Campus,Bryan Center,11 am - Midnight (sun - thur); 11 am - 1 am (fri - sat),american,"Gothic Grill offers small plates, soups, sandwiches, salads, tacos, burgers, pizza, and local ice cream! Alchemy: Alchemy is Gothic Grill's bar establishment-open 4pm-close, seven days a week!","burgers,dinner,late night,pizza,tacos,dessert,bar","Veg Pizza. Available at Gothic Grill (american cuisine) in Bryan Center on West Campus campus. Hours: 11 am - Midnight (sun - thur); 11 am - 1 am (fri - sat). Served during: lunch, dinner. Pizza with spinach, mushroom, red pepper, onion, olives, and vegan cheese. Item tags: dinner, vegan, vegetarian. Venue tags: burgers,dinner,late night,pizza,tacos,dessert,bar. "
75,2,BBQ Chicken Pizza,"lunch, dinner","Pizza with chicken, mozzarella, tomato, onion, garlic, marinara, bbq sauce","dinner,comfort_food,gluten","comfort_food, dinner, gluten",Gothic Grill,West Campus,Bryan Center,11 am - Midnight (sun - thur); 11 am - 1 am (fri - sat),american,"Gothic Grill offers small plates, soups, sandwiches, salads, tacos, burgers, pizza, and local ice cream! Alchemy: Alchemy is Gothic Grill's bar establishment-open 4pm-close, seven days a week!","burgers,dinner,late night,pizza,tacos,dessert,bar","BBQ Chicken Pizza. Available at Gothic Grill (american cuisine) in Bryan Center on West Campus campus. Hours: 11 am - Midnight (sun - thur); 11 am - 1 am (fri - sat). Served during: lunch, dinner. Pizza with chicken, mozzarella, tomato, onion, garlic, marinara, bbq sauce. Item tags: comfort_food, dinner, gluten. Venue tags: burgers,dinner,late night,pizza,tacos,dessert,bar. "
76,2,Ice Cream,dessert,"Available flavours of ice cream: Chocolate cookie dough, Chocolate, coffee, cookies and cream, devi's delight, mint chocolate chip, strawberry, vanilla","dessert,dairy","dairy, dessert",Gothic Grill,West Campus,Bryan Center,11 am - Midnight (sun - thur); 11 am - 1 am (fri - sat),american,"Gothic Grill offers small plates, soups, sandwiches, salads, tacos, burgers, pizza, and local ice cream! Alchemy: Alchemy is Gothic Grill's bar establishment-open 4pm-close, seven days a week!","burgers,dinner,late night,pizza,tacos,dessert,bar","Ice Cream. Available at Gothic Grill (american cuisine) in Bryan Center on West Campus campus. Hours: 11 am - Midnight (sun - thur); 11 am - 1 am (fri - sat). Served during: dessert. Available flavours of ice cream: Chocolate cookie dough, Chocolate, coffee, cookies and cream, devi's delight, mint chocolate chip, strawberry, vanilla. Item tags: dairy, dessert. Venue tags: burgers,dinner,late night,pizza,tacos,dessert,bar. "
77,2,Tacos,"lunch, dinner","Taco Protein options: pulled chicken, steak, blackened mahi, calamari, crispy shrimp, veggie","lunch,dinner,high_protein,quick","dinner, high_protein, lunch, quick",Gothic Grill,West Campus,Bryan Center,11 am - Midnight (sun - thur); 11 am - 1 am (fri - sat),american,"Gothic Grill offers small plates, soups, sandwiches, salads, tacos, burgers, pizza, and local ice cream! Alchemy: Alchemy is Gothic Grill's bar establishment-open 4pm-close, seven days a week!","burgers,dinner,late night,pizza,tacos,dessert,bar","Tacos. Available at Gothic Grill (american cuisine) in Bryan Center on West Campus campus. Hours: 11 am - Midnight (sun - thur); 11 am - 1 am (fri - sat). Served during: lunch, dinner. Taco Protein options: pulled chicken, steak, blackened mahi, calamari, crispy shrimp, veggie. Item tags: dinner, high_protein, lunch, quick. Venue tags: burgers,dinner,late night,pizza,tacos,dessert,bar. "
78,2,Build Your own burger,"lunch, dinner",build your own burger,"dinner,lunch,comfort_food","comfort_food, dinner, lunch",Gothic Grill,West Campus,Bryan Center,11 am - Midnight (sun - thur); 11 am - 1 am (fri - sat),american,"Gothic Grill offers small plates, soups, sandwiches, salads, tacos, burgers, pizza, and local ice cream! Alchemy: Alchemy is Gothic Grill's bar establishment-open 4pm-close, seven days a week!","burgers,dinner,late night,pizza,tacos,dessert,bar","Build Your own burger. Available at Gothic Grill (american cuisine) in Bryan Center on West Campus campus. Hours: 11 am - Midnight (sun - thur); 11 am - 1 am (fri - sat). Served during: lunch, dinner. build your own burger. Item tags: comfort_food, dinner, lunch. Venue tags: burgers,dinner,late night,pizza,tacos,dessert,bar. "
79,2,Double Patty Melt Burger,"lunch, dinner","Double patty melt with grilled onions, swiss cheese","dinner,comfort_food,gluten,dairy","comfort_food, dairy, dinner, gluten",Gothic Grill,West Campus,Bryan Center,11 am - Midnight (sun - thur); 11 am - 1 am (fri - sat),american,"Gothic Grill offers small plates, soups, sandwiches, salads, tacos, burgers, pizza, and local ice cream! Alchemy: Alchemy is Gothic Grill's bar establishment-open 4pm-close, seven days a week!","burgers,dinner,late night,pizza,tacos,dessert,bar","Double Patty Melt Burger. Available at Gothic Grill (american cuisine) in Bryan Center on West Campus campus. Hours: 11 am - Midnight (sun - thur); 11 am - 1 am (fri - sat). Served during: lunch, dinner. Double patty melt with grilled onions, swiss cheese. Item tags: comfort_food, dairy, dinner, gluten. Venue tags: burgers,dinner,late night,pizza,tacos,dessert,bar. "
80,2,Duke Blue Cheese burger,"lunch, dinner","Duke Blue Cheese burger with blue cheese crumbles, fresh spinach, mushrooms, green goddess","dinner,comfort_food","comfort_food, dinner",Gothic Grill,West Campus,Bryan Center,11 am - Midnight (sun - thur); 11 am - 1 am (fri - sat),american,"Gothic Grill offers small plates, soups, sandwiches, salads, tacos, burgers, pizza, and local ice cream! Alchemy: Alchemy is Gothic Grill's bar establishment-open 4pm-close, seven days a week!","burgers,dinner,late night,pizza,tacos,dessert,bar","Duke Blue Cheese burger. Available at Gothic Grill (american cuisine) in Bryan Center on West Campus campus. Hours: 11 am - Midnight (sun - thur); 11 am - 1 am (fri - sat). Served during: lunch, dinner. Duke Blue Cheese burger with blue cheese crumbles, fresh spinach, mushrooms, green goddess. Item tags: comfort_food, dinner. Venue tags: burgers,dinner,late night,pizza,tacos,dessert,bar. "
81,2,Gothic Smash Burger,"lunch, dinner","Gothic lb smash burger with american cheese, pickles, romaine lettuce, tomato, devil dip","dinner,comfort_food,fried","comfort_food, dinner, fried",Gothic Grill,West Campus,Bryan Center,11 am - Midnight (sun - thur); 11 am - 1 am (fri - sat),american,"Gothic Grill offers small plates, soups, sandwiches, salads, tacos, burgers, pizza, and local ice cream! Alchemy: Alchemy is Gothic Grill's bar establishment-open 4pm-close, seven days a week!","burgers,dinner,late night,pizza,tacos,dessert,bar","Gothic Smash Burger. Available at Gothic Grill (american cuisine) in Bryan Center on West Campus campus. Hours: 11 am - Midnight (sun - thur); 11 am - 1 am (fri - sat). Served during: lunch, dinner. Gothic lb smash burger with american cheese, pickles, romaine lettuce, tomato, devil dip. Item tags: comfort_food, dinner, fried. Venue tags: burgers,dinner,late night,pizza,tacos,dessert,bar. "
82,2,Cali Smash Burger,"lunch, dinner","Two beef patties layered with melted american cheese, crisp iceberg lettuce, tomato slices, pickles and avocado","comfort_food,dinner,lunch","comfort_food, dinner, lunch",Gothic Grill,West Campus,Bryan Center,11 am - Midnight (sun - thur); 11 am - 1 am (fri - sat),american,"Gothic Grill offers small plates, soups, sandwiches, salads, tacos, burgers, pizza, and local ice cream! Alchemy: Alchemy is Gothic Grill's bar establishment-open 4pm-close, seven days a week!","burgers,dinner,late night,pizza,tacos,dessert,bar","Cali Smash Burger. Available at Gothic Grill (american cuisine) in Bryan Center on West Campus campus. Hours: 11 am - Midnight (sun - thur); 11 am - 1 am (fri - sat). Served during: lunch, dinner. Two beef patties layered with melted american cheese, crisp iceberg lettuce, tomato slices, pickles and avocado. Item tags: comfort_food, dinner, lunch. Venue tags: burgers,dinner,late night,pizza,tacos,dessert,bar. "
83,3,Build Your Own Bowl,"lunch, dinner","Build your own bowl with base, protein, toppings and sauce","lunch,dinner,healthy","dinner, healthy, lunch",It's Thyme,West Campus,Bryan Center,11 am - 9 pm (mon - fri); 11 am - 8 pm (sat - sun),healthy,It's Thyme is the first top nine allergen free friendly dining venues of its kind offering made-to-order bowls with fresh ingredients free from the top nine allergens!,"allergen-free,healthy,bowls,vegetarian,gluten-free","Build Your Own Bowl. Available at It's Thyme (healthy cuisine) in Bryan Center on West Campus campus. Hours: 11 am - 9 pm (mon - fri); 11 am - 8 pm (sat - sun). Served during: lunch, dinner. Build your own bowl with base, protein, toppings and sauce. Item tags: dinner, healthy, lunch. Venue tags: allergen-free,healthy,bowls,vegetarian,gluten-free. "
84,3,Acai Bowl,"snack, dessert","Build your own acai bowl with base choices of pineapple whip, pitaya dragon fruit, traditional acai,  blue spirulina, mango cream, passion fruit, strawberry, cacao. Toppings include banana, pineapple, cranberries,  berries, kiwi, coconut, bee pollen, chia seeds, honey, granola, sunbutter","vegetarian,vegan,healthy,quick,breakfast,snack","breakfast, healthy, quick, snack, vegan, vegetarian",It's Thyme,West Campus,Bryan Center,11 am - 9 pm (mon - fri); 11 am - 8 pm (sat - sun),healthy,It's Thyme is the first top nine allergen free friendly dining venues of its kind offering made-to-order bowls with fresh ingredients free from the top nine allergens!,"allergen-free,healthy,bowls,vegetarian,gluten-free","Acai Bowl. Available at It's Thyme (healthy cuisine) in Bryan Center on West Campus campus. Hours: 11 am - 9 pm (mon - fri); 11 am - 8 pm (sat - sun). Served during: snack, dessert. Build your own acai bowl with base choices of pineapple whip, pitaya dragon fruit, traditional acai,  blue spirulina, mango cream, passion fruit, strawberry, cacao. Toppings include banana, pineapple, cranberries,  berries, kiwi, coconut, bee pollen, chia seeds, honey, granola, sunbutter. Item tags: breakfast, healthy, quick, snack, vegan, vegetarian. Venue tags: allergen-free,healthy,bowls,vegetarian,gluten-free. "
85,3,Dole Whip,dessert,Dole Whip available as classic or mango,"vegan,vegetarian,healthy,quick,snack,dessert","dessert, healthy, quick, snack, vegan, vegetarian",It's Thyme,West Campus,Bryan Center,11 am - 9 pm (mon - fri); 11 am - 8 pm (sat - sun),healthy,It's Thyme is the first top nine allergen free friendly dining venues of its kind offering made-to-order bowls with fresh ingredients free from the top nine allergens!,"allergen-free,healthy,bowls,vegetarian,gluten-free","Dole Whip. Available at It's Thyme (healthy cuisine) in Bryan Center on West Campus campus. Hours: 11 am - 9 pm (mon - fri); 11 am - 8 pm (sat - sun). Served during: dessert. Dole Whip available as classic or mango. Item tags: dessert, healthy, quick, snack, vegan, vegetarian. Venue tags: allergen-free,healthy,bowls,vegetarian,gluten-free. "
86,3,Autumn Harvest Salad,"lunch, dinner","Spinach & kale blend, chickpeas, apples, carrots, cucumbers, cranberries, pumpkin seeds, lime vinaigrette","vegetarian,healthy,lunch","healthy, lunch, vegetarian",It's Thyme,West Campus,Bryan Center,11 am - 9 pm (mon - fri); 11 am - 8 pm (sat - sun),healthy,It's Thyme is the first top nine allergen free friendly dining venues of its kind offering made-to-order bowls with fresh ingredients free from the top nine allergens!,"allergen-free,healthy,bowls,vegetarian,gluten-free","Autumn Harvest Salad. Available at It's Thyme (healthy cuisine) in Bryan Center on West Campus campus. Hours: 11 am - 9 pm (mon - fri); 11 am - 8 pm (sat - sun). Served during: lunch, dinner. Spinach & kale blend, chickpeas, apples, carrots, cucumbers, cranberries, pumpkin seeds, lime vinaigrette. Item tags: healthy, lunch, vegetarian. Venue tags: allergen-free,healthy,bowls,vegetarian,gluten-free. "
87,3,Mediterranean Thyme,"lunch, dinner","Maple zaatar sweet potatoes, lemon thyme grilled chicken, chickpeas, marinated artichokes, lemon garlic sauce, and fresh lime wedge","dinner,gluten,high_protein,healthy","dinner, gluten, healthy, high_protein",It's Thyme,West Campus,Bryan Center,11 am - 9 pm (mon - fri); 11 am - 8 pm (sat - sun),healthy,It's Thyme is the first top nine allergen free friendly dining venues of its kind offering made-to-order bowls with fresh ingredients free from the top nine allergens!,"allergen-free,healthy,bowls,vegetarian,gluten-free","Mediterranean Thyme. Available at It's Thyme (healthy cuisine) in Bryan Center on West Campus campus. Hours: 11 am - 9 pm (mon - fri); 11 am - 8 pm (sat - sun). Served during: lunch, dinner. Maple zaatar sweet potatoes, lemon thyme grilled chicken, chickpeas, marinated artichokes, lemon garlic sauce, and fresh lime wedge. Item tags: dinner, gluten, healthy, high_protein. Venue tags: allergen-free,healthy,bowls,vegetarian,gluten-free. "
88,3,Carolina BBQ Thyme,"lunch, dinner","Pulled Pork BBQ, maple sweet potatoes, cajun pintos, pickled red onions, pickled jalapenos, cinnamon grilled pineapple","comfort_food,dinner,spicy","comfort_food, dinner, spicy",It's Thyme,West Campus,Bryan Center,11 am - 9 pm (mon - fri); 11 am - 8 pm (sat - sun),healthy,It's Thyme is the first top nine allergen free friendly dining venues of its kind offering made-to-order bowls with fresh ingredients free from the top nine allergens!,"allergen-free,healthy,bowls,vegetarian,gluten-free","Carolina BBQ Thyme. Available at It's Thyme (healthy cuisine) in Bryan Center on West Campus campus. Hours: 11 am - 9 pm (mon - fri); 11 am - 8 pm (sat - sun). Served during: lunch, dinner. Pulled Pork BBQ, maple sweet potatoes, cajun pintos, pickled red onions, pickled jalapenos, cinnamon grilled pineapple. Item tags: comfort_food, dinner, spicy. Venue tags: allergen-free,healthy,bowls,vegetarian,gluten-free. "
89,3,Hot Honey Chicken Tenders,"lunch, dinner",Hot honey chicken tenders,"comfort_food,fried,dinner,spicy","comfort_food, dinner, fried, spicy",It's Thyme,West Campus,Bryan Center,11 am - 9 pm (mon - fri); 11 am - 8 pm (sat - sun),healthy,It's Thyme is the first top nine allergen free friendly dining venues of its kind offering made-to-order bowls with fresh ingredients free from the top nine allergens!,"allergen-free,healthy,bowls,vegetarian,gluten-free","Hot Honey Chicken Tenders. Available at It's Thyme (healthy cuisine) in Bryan Center on West Campus campus. Hours: 11 am - 9 pm (mon - fri); 11 am - 8 pm (sat - sun). Served during: lunch, dinner. Hot honey chicken tenders. Item tags: comfort_food, dinner, fried, spicy. Venue tags: allergen-free,healthy,bowls,vegetarian,gluten-free. "
90,3,Taco Thyme,"lunch, dinner","Taco Protein options: caribbean jerk chicken, lemon thyme grilled chicken, shredded beef, sweet potatoes. Taco toppings: brown rice and quinoa, cilantro line black beans, fire roasted corn with poblano peppers, mango salsa, tomatillo salsa verde","high_protein,lunch,dinner","dinner, high_protein, lunch",It's Thyme,West Campus,Bryan Center,11 am - 9 pm (mon - fri); 11 am - 8 pm (sat - sun),healthy,It's Thyme is the first top nine allergen free friendly dining venues of its kind offering made-to-order bowls with fresh ingredients free from the top nine allergens!,"allergen-free,healthy,bowls,vegetarian,gluten-free","Taco Thyme. Available at It's Thyme (healthy cuisine) in Bryan Center on West Campus campus. Hours: 11 am - 9 pm (mon - fri); 11 am - 8 pm (sat - sun). Served during: lunch, dinner. Taco Protein options: caribbean jerk chicken, lemon thyme grilled chicken, shredded beef, sweet potatoes. Taco toppings: brown rice and quinoa, cilantro line black beans, fire roasted corn with poblano peppers, mango salsa, tomatillo salsa verde. Item tags: dinner, high_protein, lunch. Venue tags: allergen-free,healthy,bowls,vegetarian,gluten-free. "
91,3,Crispy Chickpea Falafel Wrap,"lunch, dinner","Chickpea falafel, cucumbers, garlic hummus, green goddess ranch dressing, red pickled onion, shredded kale","vegetarian,lunch,healthy,quick","healthy, lunch, quick, vegetarian",It's Thyme,West Campus,Bryan Center,11 am - 9 pm (mon - fri); 11 am - 8 pm (sat - sun),healthy,It's Thyme is the first top nine allergen free friendly dining venues of its kind offering made-to-order bowls with fresh ingredients free from the top nine allergens!,"allergen-free,healthy,bowls,vegetarian,gluten-free","Crispy Chickpea Falafel Wrap. Available at It's Thyme (healthy cuisine) in Bryan Center on West Campus campus. Hours: 11 am - 9 pm (mon - fri); 11 am - 8 pm (sat - sun). Served during: lunch, dinner. Chickpea falafel, cucumbers, garlic hummus, green goddess ranch dressing, red pickled onion, shredded kale. Item tags: healthy, lunch, quick, vegetarian. Venue tags: allergen-free,healthy,bowls,vegetarian,gluten-free. "
92,3,Grilled Chicken Nuggets,"lunch, dinner",Grilled Chicken Nuggets,"dinner,comfort_food,high_protein","comfort_food, dinner, high_protein",It's Thyme,West Campus,Bryan Center,11 am - 9 pm (mon - fri); 11 am - 8 pm (sat - sun),healthy,It's Thyme is the first top nine allergen free friendly dining venues of its kind offering made-to-order bowls with fresh ingredients free from the top nine allergens!,"allergen-free,healthy,bowls,vegetarian,gluten-free","Grilled Chicken Nuggets. Available at It's Thyme (healthy cuisine) in Bryan Center on West Campus campus. Hours: 11 am - 9 pm (mon - fri); 11 am - 8 pm (sat - sun). Served during: lunch, dinner. Grilled Chicken Nuggets. Item tags: comfort_food, dinner, high_protein. Venue tags: allergen-free,healthy,bowls,vegetarian,gluten-free. "
93,3,Signature Lavender Lemonade,drink,Lavendar Lemonade,"drink,quick","drink, quick",It's Thyme,West Campus,Bryan Center,11 am - 9 pm (mon - fri); 11 am - 8 pm (sat - sun),healthy,It's Thyme is the first top nine allergen free friendly dining venues of its kind offering made-to-order bowls with fresh ingredients free from the top nine allergens!,"allergen-free,healthy,bowls,vegetarian,gluten-free","Signature Lavender Lemonade. Available at It's Thyme (healthy cuisine) in Bryan Center on West Campus campus. Hours: 11 am - 9 pm (mon - fri); 11 am - 8 pm (sat - sun). Served during: drink. Lavendar Lemonade. Item tags: drink, quick. Venue tags: allergen-free,healthy,bowls,vegetarian,gluten-free. "
94,4,Tokyo,"lunch, dinner","Teriyaki chicken rice bowl with corn, sweet potato, kale salad, edamame, green onion, crunch, spicy mayo, eel sauce, sesame seed. Options for white rice, brown rice or mixed greens.","dinner,lunch,spicy,comfort_food","comfort_food, dinner, lunch, spicy",Ginger + Soy,West Campus,Broadhead Center,11 am - 9 pm (mon - sun),asian,"Tastes from all over East and Southeast Asia, Ginger+ Soy is your passport to huge flavor. The menu, loaded with authentic recipes, has been crafted by skilled chefs. Take your choice from a huge selection of fine ingredients, then enjoy the sounds, sights and aromas as your meal is stir fried to perfection on the spot.","asian,stir-fry,lunch,dinner,bowls,flavorful","Tokyo. Available at Ginger + Soy (asian cuisine) in Broadhead Center on West Campus campus. Hours: 11 am - 9 pm (mon - sun). Served during: lunch, dinner. Teriyaki chicken rice bowl with corn, sweet potato, kale salad, edamame, green onion, crunch, spicy mayo, eel sauce, sesame seed. Options for white rice, brown rice or mixed greens.. Item tags: comfort_food, dinner, lunch, spicy. Venue tags: asian,stir-fry,lunch,dinner,bowls,flavorful. "
95,4,Hong Kong,"lunch, dinner","Spicy pork rice bowl with broccoli, cababge and red pepper, cucumber, cilantro, sesame seed, crunch, sambal sauce, eel sauce. Options for white rice, brown rice or mixed greens.","dinner,spicy,lunch","dinner, lunch, spicy",Ginger + Soy,West Campus,Broadhead Center,11 am - 9 pm (mon - sun),asian,"Tastes from all over East and Southeast Asia, Ginger+ Soy is your passport to huge flavor. The menu, loaded with authentic recipes, has been crafted by skilled chefs. Take your choice from a huge selection of fine ingredients, then enjoy the sounds, sights and aromas as your meal is stir fried to perfection on the spot.","asian,stir-fry,lunch,dinner,bowls,flavorful","Hong Kong. Available at Ginger + Soy (asian cuisine) in Broadhead Center on West Campus campus. Hours: 11 am - 9 pm (mon - sun). Served during: lunch, dinner. Spicy pork rice bowl with broccoli, cababge and red pepper, cucumber, cilantro, sesame seed, crunch, sambal sauce, eel sauce. Options for white rice, brown rice or mixed greens.. Item tags: dinner, lunch, spicy. Venue tags: asian,stir-fry,lunch,dinner,bowls,flavorful. "
96,4,Shanghai,"lunch, dinner","Ginger Chicken rice bowl with cabbage and red pepper, zucchini, cilantro, crunch, white sauce, and sesame seeds. Options for white rice, brown rice or mixed greens.","dinner,lunch,comfort_food,gluten,high_protein","comfort_food, dinner, gluten, high_protein, lunch",Ginger + Soy,West Campus,Broadhead Center,11 am - 9 pm (mon - sun),asian,"Tastes from all over East and Southeast Asia, Ginger+ Soy is your passport to huge flavor. The menu, loaded with authentic recipes, has been crafted by skilled chefs. Take your choice from a huge selection of fine ingredients, then enjoy the sounds, sights and aromas as your meal is stir fried to perfection on the spot.","asian,stir-fry,lunch,dinner,bowls,flavorful","Shanghai. Available at Ginger + Soy (asian cuisine) in Broadhead Center on West Campus campus. Hours: 11 am - 9 pm (mon - sun). Served during: lunch, dinner. Ginger Chicken rice bowl with cabbage and red pepper, zucchini, cilantro, crunch, white sauce, and sesame seeds. Options for white rice, brown rice or mixed greens.. Item tags: comfort_food, dinner, gluten, high_protein, lunch. Venue tags: asian,stir-fry,lunch,dinner,bowls,flavorful. "
97,4,California,"lunch, dinner","Teriyaki tofu rice bowl with zucchini, kale salad, broccoli, cilantro, and cusabi sauce. Options for white rice, brown rice or mixed greens.","vegetarian,healthy,lunch","healthy, lunch, vegetarian",Ginger + Soy,West Campus,Broadhead Center,11 am - 9 pm (mon - sun),asian,"Tastes from all over East and Southeast Asia, Ginger+ Soy is your passport to huge flavor. The menu, loaded with authentic recipes, has been crafted by skilled chefs. Take your choice from a huge selection of fine ingredients, then enjoy the sounds, sights and aromas as your meal is stir fried to perfection on the spot.","asian,stir-fry,lunch,dinner,bowls,flavorful","California. Available at Ginger + Soy (asian cuisine) in Broadhead Center on West Campus campus. Hours: 11 am - 9 pm (mon - sun). Served during: lunch, dinner. Teriyaki tofu rice bowl with zucchini, kale salad, broccoli, cilantro, and cusabi sauce. Options for white rice, brown rice or mixed greens.. Item tags: healthy, lunch, vegetarian. Venue tags: asian,stir-fry,lunch,dinner,bowls,flavorful. "
98,4,Seoul,"lunch, dinner","Korean BBQ beef rice bowl with zucchini, pickled radish, pickled carrot, kimchi slaw, kale salad, green onion, fried egg, sesame seeds, gochujang, white sauce, and sesame oil. Options for white rice, brown rice or mixed greens.","dinner,comfort_food,fried,high_protein,spicy","comfort_food, dinner, fried, high_protein, spicy",Ginger + Soy,West Campus,Broadhead Center,11 am - 9 pm (mon - sun),asian,"Tastes from all over East and Southeast Asia, Ginger+ Soy is your passport to huge flavor. The menu, loaded with authentic recipes, has been crafted by skilled chefs. Take your choice from a huge selection of fine ingredients, then enjoy the sounds, sights and aromas as your meal is stir fried to perfection on the spot.","asian,stir-fry,lunch,dinner,bowls,flavorful","Seoul. Available at Ginger + Soy (asian cuisine) in Broadhead Center on West Campus campus. Hours: 11 am - 9 pm (mon - sun). Served during: lunch, dinner. Korean BBQ beef rice bowl with zucchini, pickled radish, pickled carrot, kimchi slaw, kale salad, green onion, fried egg, sesame seeds, gochujang, white sauce, and sesame oil. Options for white rice, brown rice or mixed greens.. Item tags: comfort_food, dinner, fried, high_protein, spicy. Venue tags: asian,stir-fry,lunch,dinner,bowls,flavorful. "
99,4,Pad Thai,"lunch, dinner","Stir fried noodles with eggs, vegetables, options of chicken or tofu, in a tamarind-based sauce","lunch,dinner,vegetarian,gluten,fried,comfort_food,quick,spicy","comfort_food, dinner, fried, gluten, lunch, quick, spicy, vegetarian",Ginger + Soy,West Campus,Broadhead Center,11 am - 9 pm (mon - sun),asian,"Tastes from all over East and Southeast Asia, Ginger+ Soy is your passport to huge flavor. The menu, loaded with authentic recipes, has been crafted by skilled chefs. Take your choice from a huge selection of fine ingredients, then enjoy the sounds, sights and aromas as your meal is stir fried to perfection on the spot.","asian,stir-fry,lunch,dinner,bowls,flavorful","Pad Thai. Available at Ginger + Soy (asian cuisine) in Broadhead Center on West Campus campus. Hours: 11 am - 9 pm (mon - sun). Served during: lunch, dinner. Stir fried noodles with eggs, vegetables, options of chicken or tofu, in a tamarind-based sauce. Item tags: comfort_food, dinner, fried, gluten, lunch, quick, spicy, vegetarian. Venue tags: asian,stir-fry,lunch,dinner,bowls,flavorful. "
100,4,Tteokbokki,"lunch, dinner","Tteokbokki with gochujang sauce, fish cake, beef dumpings and boiled eggs","dinner,spicy,comfort_food","comfort_food, dinner, spicy",Ginger + Soy,West Campus,Broadhead Center,11 am - 9 pm (mon - sun),asian,"Tastes from all over East and Southeast Asia, Ginger+ Soy is your passport to huge flavor. The menu, loaded with authentic recipes, has been crafted by skilled chefs. Take your choice from a huge selection of fine ingredients, then enjoy the sounds, sights and aromas as your meal is stir fried to perfection on the spot.","asian,stir-fry,lunch,dinner,bowls,flavorful","Tteokbokki. Available at Ginger + Soy (asian cuisine) in Broadhead Center on West Campus campus. Hours: 11 am - 9 pm (mon - sun). Served during: lunch, dinner. Tteokbokki with gochujang sauce, fish cake, beef dumpings and boiled eggs. Item tags: comfort_food, dinner, spicy. Venue tags: asian,stir-fry,lunch,dinner,bowls,flavorful. "
101,4,Make Your Own Bowl,"lunch, dinner","Choose one protein, four vegetables, toppings, and any sauce. Options for white rice, brown rice or mixed greens.","healthy,lunch,dinner,quick","dinner, healthy, lunch, quick",Ginger + Soy,West Campus,Broadhead Center,11 am - 9 pm (mon - sun),asian,"Tastes from all over East and Southeast Asia, Ginger+ Soy is your passport to huge flavor. The menu, loaded with authentic recipes, has been crafted by skilled chefs. Take your choice from a huge selection of fine ingredients, then enjoy the sounds, sights and aromas as your meal is stir fried to perfection on the spot.","asian,stir-fry,lunch,dinner,bowls,flavorful","Make Your Own Bowl. Available at Ginger + Soy (asian cuisine) in Broadhead Center on West Campus campus. Hours: 11 am - 9 pm (mon - sun). Served during: lunch, dinner. Choose one protein, four vegetables, toppings, and any sauce. Options for white rice, brown rice or mixed greens.. Item tags: dinner, healthy, lunch, quick. Venue tags: asian,stir-fry,lunch,dinner,bowls,flavorful. "
102,4,Salmon Poke Bowl,"lunch, dinner","salmon bowl with carrot, cabbage, kale salad, seaweed salad, crab salad, and crunch. Options for white rice, brown rice or mixed greens.","dinner,high_protein,healthy,lunch","dinner, healthy, high_protein, lunch",Ginger + Soy,West Campus,Broadhead Center,11 am - 9 pm (mon - sun),asian,"Tastes from all over East and Southeast Asia, Ginger+ Soy is your passport to huge flavor. The menu, loaded with authentic recipes, has been crafted by skilled chefs. Take your choice from a huge selection of fine ingredients, then enjoy the sounds, sights and aromas as your meal is stir fried to perfection on the spot.","asian,stir-fry,lunch,dinner,bowls,flavorful","Salmon Poke Bowl. Available at Ginger + Soy (asian cuisine) in Broadhead Center on West Campus campus. Hours: 11 am - 9 pm (mon - sun). Served during: lunch, dinner. salmon bowl with carrot, cabbage, kale salad, seaweed salad, crab salad, and crunch. Options for white rice, brown rice or mixed greens.. Item tags: dinner, healthy, high_protein, lunch. Venue tags: asian,stir-fry,lunch,dinner,bowls,flavorful. "
103,4,Tuna Poke Bowl,"lunch, dinner","tuna bowl with carrot, cabbage, kale salad, seaweed salad, crab salad, and crunch. Options for white rice, brown rice or mixed greens.","dinner,high_protein,lunch","dinner, high_protein, lunch",Ginger + Soy,West Campus,Broadhead Center,11 am - 9 pm (mon - sun),asian,"Tastes from all over East and Southeast Asia, Ginger+ Soy is your passport to huge flavor. The menu, loaded with authentic recipes, has been crafted by skilled chefs. Take your choice from a huge selection of fine ingredients, then enjoy the sounds, sights and aromas as your meal is stir fried to perfection on the spot.","asian,stir-fry,lunch,dinner,bowls,flavorful","Tuna Poke Bowl. Available at Ginger + Soy (asian cuisine) in Broadhead Center on West Campus campus. Hours: 11 am - 9 pm (mon - sun). Served during: lunch, dinner. tuna bowl with carrot, cabbage, kale salad, seaweed salad, crab salad, and crunch. Options for white rice, brown rice or mixed greens.. Item tags: dinner, high_protein, lunch. Venue tags: asian,stir-fry,lunch,dinner,bowls,flavorful. "
104,4,Spicy Tuna Poke Bowl,"lunch, dinner","Spicy tuna bowl with carrot, cabbage, kale salad, seaweed salad, crab salad, and crunch. Options for white rice, brown rice or mixed greens.","dinner,spicy,lunch,healthy","dinner, healthy, lunch, spicy",Ginger + Soy,West Campus,Broadhead Center,11 am - 9 pm (mon - sun),asian,"Tastes from all over East and Southeast Asia, Ginger+ Soy is your passport to huge flavor. The menu, loaded with authentic recipes, has been crafted by skilled chefs. Take your choice from a huge selection of fine ingredients, then enjoy the sounds, sights and aromas as your meal is stir fried to perfection on the spot.","asian,stir-fry,lunch,dinner,bowls,flavorful","Spicy Tuna Poke Bowl. Available at Ginger + Soy (asian cuisine) in Broadhead Center on West Campus campus. Hours: 11 am - 9 pm (mon - sun). Served during: lunch, dinner. Spicy tuna bowl with carrot, cabbage, kale salad, seaweed salad, crab salad, and crunch. Options for white rice, brown rice or mixed greens.. Item tags: dinner, healthy, lunch, spicy. Venue tags: asian,stir-fry,lunch,dinner,bowls,flavorful. "
105,4,Spicy Miso Ramen,"lunch, dinner","Spicy miso soup ramen with bamboo shoots, bean sprouts, pork belly or fried tofu, green onion, marinated egg, and corn","dinner,spicy,lunch","dinner, lunch, spicy",Ginger + Soy,West Campus,Broadhead Center,11 am - 9 pm (mon - sun),asian,"Tastes from all over East and Southeast Asia, Ginger+ Soy is your passport to huge flavor. The menu, loaded with authentic recipes, has been crafted by skilled chefs. Take your choice from a huge selection of fine ingredients, then enjoy the sounds, sights and aromas as your meal is stir fried to perfection on the spot.","asian,stir-fry,lunch,dinner,bowls,flavorful","Spicy Miso Ramen. Available at Ginger + Soy (asian cuisine) in Broadhead Center on West Campus campus. Hours: 11 am - 9 pm (mon - sun). Served during: lunch, dinner. Spicy miso soup ramen with bamboo shoots, bean sprouts, pork belly or fried tofu, green onion, marinated egg, and corn. Item tags: dinner, lunch, spicy. Venue tags: asian,stir-fry,lunch,dinner,bowls,flavorful. "
106,4,Tonkotsu Ramen,"lunch, dinner","Tonkotsu soup ramen with bamboo shoots, bean sprouts, pork belly or fried tofu, green onion, marinated egg, and corn","dinner,comfort_food,high_protein","comfort_food, dinner, high_protein",Ginger + Soy,West Campus,Broadhead Center,11 am - 9 pm (mon - sun),asian,"Tastes from all over East and Southeast Asia, Ginger+ Soy is your passport to huge flavor. The menu, loaded with authentic recipes, has been crafted by skilled chefs. Take your choice from a huge selection of fine ingredients, then enjoy the sounds, sights and aromas as your meal is stir fried to perfection on the spot.","asian,stir-fry,lunch,dinner,bowls,flavorful","Tonkotsu Ramen. Available at Ginger + Soy (asian cuisine) in Broadhead Center on West Campus campus. Hours: 11 am - 9 pm (mon - sun). Served during: lunch, dinner. Tonkotsu soup ramen with bamboo shoots, bean sprouts, pork belly or fried tofu, green onion, marinated egg, and corn. Item tags: comfort_food, dinner, high_protein. Venue tags: asian,stir-fry,lunch,dinner,bowls,flavorful. "
107,4,Beef Dumplings,"lunch, dinner, snack",Beef dumplings with kimchi slaw,"dinner,lunch,comfort_food,spicy","comfort_food, dinner, lunch, spicy",Ginger + Soy,West Campus,Broadhead Center,11 am - 9 pm (mon - sun),asian,"Tastes from all over East and Southeast Asia, Ginger+ Soy is your passport to huge flavor. The menu, loaded with authentic recipes, has been crafted by skilled chefs. Take your choice from a huge selection of fine ingredients, then enjoy the sounds, sights and aromas as your meal is stir fried to perfection on the spot.","asian,stir-fry,lunch,dinner,bowls,flavorful","Beef Dumplings. Available at Ginger + Soy (asian cuisine) in Broadhead Center on West Campus campus. Hours: 11 am - 9 pm (mon - sun). Served during: lunch, dinner, snack. Beef dumplings with kimchi slaw. Item tags: comfort_food, dinner, lunch, spicy. Venue tags: asian,stir-fry,lunch,dinner,bowls,flavorful. "
108,4,Vegetable Dumplings,"lunch, dinner, snack",Vegetable Dumplings with kimchi slaw,"vegetarian,comfort_food,lunch","comfort_food, lunch, vegetarian",Ginger + Soy,West Campus,Broadhead Center,11 am - 9 pm (mon - sun),asian,"Tastes from all over East and Southeast Asia, Ginger+ Soy is your passport to huge flavor. The menu, loaded with authentic recipes, has been crafted by skilled chefs. Take your choice from a huge selection of fine ingredients, then enjoy the sounds, sights and aromas as your meal is stir fried to perfection on the spot.","asian,stir-fry,lunch,dinner,bowls,flavorful","Vegetable Dumplings. Available at Ginger + Soy (asian cuisine) in Broadhead Center on West Campus campus. Hours: 11 am - 9 pm (mon - sun). Served during: lunch, dinner, snack. Vegetable Dumplings with kimchi slaw. Item tags: comfort_food, lunch, vegetarian. Venue tags: asian,stir-fry,lunch,dinner,bowls,flavorful. "
109,4,Chicken Dumplings,"lunch, dinner, snack",Chicken Dumplings with kimchi slaw,"dinner,lunch,comfort_food,spicy","comfort_food, dinner, lunch, spicy",Ginger + Soy,West Campus,Broadhead Center,11 am - 9 pm (mon - sun),asian,"Tastes from all over East and Southeast Asia, Ginger+ Soy is your passport to huge flavor. The menu, loaded with authentic recipes, has been crafted by skilled chefs. Take your choice from a huge selection of fine ingredients, then enjoy the sounds, sights and aromas as your meal is stir fried to perfection on the spot.","asian,stir-fry,lunch,dinner,bowls,flavorful","Chicken Dumplings. Available at Ginger + Soy (asian cuisine) in Broadhead Center on West Campus campus. Hours: 11 am - 9 pm (mon - sun). Served during: lunch, dinner, snack. Chicken Dumplings with kimchi slaw. Item tags: comfort_food, dinner, lunch, spicy. Venue tags: asian,stir-fry,lunch,dinner,bowls,flavorful. "
110,4,Vegetable spring rolls,"lunch, dinner, snack",Vegetable spring rolls,"vegetarian,quick,snack","quick, snack, vegetarian",Ginger + Soy,West Campus,Broadhead Center,11 am - 9 pm (mon - sun),asian,"Tastes from all over East and Southeast Asia, Ginger+ Soy is your passport to huge flavor. The menu, loaded with authentic recipes, has been crafted by skilled chefs. Take your choice from a huge selection of fine ingredients, then enjoy the sounds, sights and aromas as your meal is stir fried to perfection on the spot.","asian,stir-fry,lunch,dinner,bowls,flavorful","Vegetable spring rolls. Available at Ginger + Soy (asian cuisine) in Broadhead Center on West Campus campus. Hours: 11 am - 9 pm (mon - sun). Served during: lunch, dinner, snack. Vegetable spring rolls. Item tags: quick, snack, vegetarian. Venue tags: asian,stir-fry,lunch,dinner,bowls,flavorful. "
111,5,Nigiri and Sashimi,"lunch, dinner, snack","Options: eel, salmon, shrimp, tuna, yellowtail","dinner,high_protein","dinner, high_protein",Gyotaku,West Campus,Broadhead Center,11 am - 9 pm (mon - sun),asian,"Gyotaku-Where the daily catch becomes a daily delicacy. Sit down at the bar and watch as Gyotaku combines the freshest ingredients into amazing, made-to-order sushi. Or enjoy a pre-made roll created by their master chefs. Either way, your taste buds will thank you.","asian,sushi,lunch,dinner","Nigiri and Sashimi. Available at Gyotaku (asian cuisine) in Broadhead Center on West Campus campus. Hours: 11 am - 9 pm (mon - sun). Served during: lunch, dinner, snack. Options: eel, salmon, shrimp, tuna, yellowtail. Item tags: dinner, high_protein. Venue tags: asian,sushi,lunch,dinner. "
112,5,Sashimi bowl,"lunch, dinner","Choice of sashimi with rice or salad base and topped with red pepper, edamame, pickles, cucumber, crab salad. Options for eel sauce, spicy mayo, ginger dressing, wasabi dressing or gochujang sauce","lunch,dinner,high_protein,spicy","dinner, high_protein, lunch, spicy",Gyotaku,West Campus,Broadhead Center,11 am - 9 pm (mon - sun),asian,"Gyotaku-Where the daily catch becomes a daily delicacy. Sit down at the bar and watch as Gyotaku combines the freshest ingredients into amazing, made-to-order sushi. Or enjoy a pre-made roll created by their master chefs. Either way, your taste buds will thank you.","asian,sushi,lunch,dinner","Sashimi bowl. Available at Gyotaku (asian cuisine) in Broadhead Center on West Campus campus. Hours: 11 am - 9 pm (mon - sun). Served during: lunch, dinner. Choice of sashimi with rice or salad base and topped with red pepper, edamame, pickles, cucumber, crab salad. Options for eel sauce, spicy mayo, ginger dressing, wasabi dressing or gochujang sauce. Item tags: dinner, high_protein, lunch, spicy. Venue tags: asian,sushi,lunch,dinner. "
113,5,Edamame,"lunch, dinner, snack",edamame,"vegetarian,high_protein,healthy,snack","healthy, high_protein, snack, vegetarian",Gyotaku,West Campus,Broadhead Center,11 am - 9 pm (mon - sun),asian,"Gyotaku-Where the daily catch becomes a daily delicacy. Sit down at the bar and watch as Gyotaku combines the freshest ingredients into amazing, made-to-order sushi. Or enjoy a pre-made roll created by their master chefs. Either way, your taste buds will thank you.","asian,sushi,lunch,dinner","Edamame. Available at Gyotaku (asian cuisine) in Broadhead Center on West Campus campus. Hours: 11 am - 9 pm (mon - sun). Served during: lunch, dinner, snack. edamame. Item tags: healthy, high_protein, snack, vegetarian. Venue tags: asian,sushi,lunch,dinner. "
114,5,Miso soup,"lunch, dinner, snack",Miso Soup,"vegetarian,healthy,dinner","dinner, healthy, vegetarian",Gyotaku,West Campus,Broadhead Center,11 am - 9 pm (mon - sun),asian,"Gyotaku-Where the daily catch becomes a daily delicacy. Sit down at the bar and watch as Gyotaku combines the freshest ingredients into amazing, made-to-order sushi. Or enjoy a pre-made roll created by their master chefs. Either way, your taste buds will thank you.","asian,sushi,lunch,dinner","Miso soup. Available at Gyotaku (asian cuisine) in Broadhead Center on West Campus campus. Hours: 11 am - 9 pm (mon - sun). Served during: lunch, dinner, snack. Miso Soup. Item tags: dinner, healthy, vegetarian. Venue tags: asian,sushi,lunch,dinner. "
115,5,Salmon Tower,"lunch, dinner","salmon with sushi rice, avocado, crab salad, and cucumber. Topped with white sauce, spicy mayo, eel sauce, masago, scallions, cilantro, and sesame seeds. Served with chips","dinner,spicy","dinner, spicy",Gyotaku,West Campus,Broadhead Center,11 am - 9 pm (mon - sun),asian,"Gyotaku-Where the daily catch becomes a daily delicacy. Sit down at the bar and watch as Gyotaku combines the freshest ingredients into amazing, made-to-order sushi. Or enjoy a pre-made roll created by their master chefs. Either way, your taste buds will thank you.","asian,sushi,lunch,dinner","Salmon Tower. Available at Gyotaku (asian cuisine) in Broadhead Center on West Campus campus. Hours: 11 am - 9 pm (mon - sun). Served during: lunch, dinner. salmon with sushi rice, avocado, crab salad, and cucumber. Topped with white sauce, spicy mayo, eel sauce, masago, scallions, cilantro, and sesame seeds. Served with chips. Item tags: dinner, spicy. Venue tags: asian,sushi,lunch,dinner. "
116,5,Seaweed salad,"lunch, dinner, snack",seaweed salad,"vegetarian,healthy,quick","healthy, quick, vegetarian",Gyotaku,West Campus,Broadhead Center,11 am - 9 pm (mon - sun),asian,"Gyotaku-Where the daily catch becomes a daily delicacy. Sit down at the bar and watch as Gyotaku combines the freshest ingredients into amazing, made-to-order sushi. Or enjoy a pre-made roll created by their master chefs. Either way, your taste buds will thank you.","asian,sushi,lunch,dinner","Seaweed salad. Available at Gyotaku (asian cuisine) in Broadhead Center on West Campus campus. Hours: 11 am - 9 pm (mon - sun). Served during: lunch, dinner, snack. seaweed salad. Item tags: healthy, quick, vegetarian. Venue tags: asian,sushi,lunch,dinner. "
117,5,Tuna Tower,"lunch, dinner","tuna with sushi rice, avocado, crab salad, and cucumber. Topped with white sauce, spicy mayo, eel sauce, masago, scallions, cilantro, and sesame seeds. Served with chips","dinner,spicy,lunch","dinner, lunch, spicy",Gyotaku,West Campus,Broadhead Center,11 am - 9 pm (mon - sun),asian,"Gyotaku-Where the daily catch becomes a daily delicacy. Sit down at the bar and watch as Gyotaku combines the freshest ingredients into amazing, made-to-order sushi. Or enjoy a pre-made roll created by their master chefs. Either way, your taste buds will thank you.","asian,sushi,lunch,dinner","Tuna Tower. Available at Gyotaku (asian cuisine) in Broadhead Center on West Campus campus. Hours: 11 am - 9 pm (mon - sun). Served during: lunch, dinner. tuna with sushi rice, avocado, crab salad, and cucumber. Topped with white sauce, spicy mayo, eel sauce, masago, scallions, cilantro, and sesame seeds. Served with chips. Item tags: dinner, lunch, spicy. Venue tags: asian,sushi,lunch,dinner. "
118,5,Make your own sushi,"lunch, dinner","Options: eel, salmon, shrimp, tuna, yellowtail, spicy tuna, tempura shrimp, crab salad, cucumber. Sauces: eel, spicy mayo, gocujang, sriracha","lunch,dinner,spicy","dinner, lunch, spicy",Gyotaku,West Campus,Broadhead Center,11 am - 9 pm (mon - sun),asian,"Gyotaku-Where the daily catch becomes a daily delicacy. Sit down at the bar and watch as Gyotaku combines the freshest ingredients into amazing, made-to-order sushi. Or enjoy a pre-made roll created by their master chefs. Either way, your taste buds will thank you.","asian,sushi,lunch,dinner","Make your own sushi. Available at Gyotaku (asian cuisine) in Broadhead Center on West Campus campus. Hours: 11 am - 9 pm (mon - sun). Served during: lunch, dinner. Options: eel, salmon, shrimp, tuna, yellowtail, spicy tuna, tempura shrimp, crab salad, cucumber. Sauces: eel, spicy mayo, gocujang, sriracha. Item tags: dinner, lunch, spicy. Venue tags: asian,sushi,lunch,dinner. "
119,5,Atlantic,"lunch, dinner","Sushi burrito with salmon, avocado, cucumber, lettuce, slaw, masago, crunch, and spicy mayo","lunch,dinner,spicy,gluten","dinner, gluten, lunch, spicy",Gyotaku,West Campus,Broadhead Center,11 am - 9 pm (mon - sun),asian,"Gyotaku-Where the daily catch becomes a daily delicacy. Sit down at the bar and watch as Gyotaku combines the freshest ingredients into amazing, made-to-order sushi. Or enjoy a pre-made roll created by their master chefs. Either way, your taste buds will thank you.","asian,sushi,lunch,dinner","Atlantic. Available at Gyotaku (asian cuisine) in Broadhead Center on West Campus campus. Hours: 11 am - 9 pm (mon - sun). Served during: lunch, dinner. Sushi burrito with salmon, avocado, cucumber, lettuce, slaw, masago, crunch, and spicy mayo. Item tags: dinner, gluten, lunch, spicy. Venue tags: asian,sushi,lunch,dinner. "
120,5,Pacific,"lunch, dinner","Sushi burrito with tuna, kale, cucumber, lettuce, cilantro, masago, crunch, and eel sauce","lunch,dinner,high_protein","dinner, high_protein, lunch",Gyotaku,West Campus,Broadhead Center,11 am - 9 pm (mon - sun),asian,"Gyotaku-Where the daily catch becomes a daily delicacy. Sit down at the bar and watch as Gyotaku combines the freshest ingredients into amazing, made-to-order sushi. Or enjoy a pre-made roll created by their master chefs. Either way, your taste buds will thank you.","asian,sushi,lunch,dinner","Pacific. Available at Gyotaku (asian cuisine) in Broadhead Center on West Campus campus. Hours: 11 am - 9 pm (mon - sun). Served during: lunch, dinner. Sushi burrito with tuna, kale, cucumber, lettuce, cilantro, masago, crunch, and eel sauce. Item tags: dinner, high_protein, lunch. Venue tags: asian,sushi,lunch,dinner. "
121,5,Arctic,"lunch, dinner","Sushi burrito with spicy tubna, crab salad, cucumber, lettuce, avocado, masago and sriracha","lunch,spicy,dinner","dinner, lunch, spicy",Gyotaku,West Campus,Broadhead Center,11 am - 9 pm (mon - sun),asian,"Gyotaku-Where the daily catch becomes a daily delicacy. Sit down at the bar and watch as Gyotaku combines the freshest ingredients into amazing, made-to-order sushi. Or enjoy a pre-made roll created by their master chefs. Either way, your taste buds will thank you.","asian,sushi,lunch,dinner","Arctic. Available at Gyotaku (asian cuisine) in Broadhead Center on West Campus campus. Hours: 11 am - 9 pm (mon - sun). Served during: lunch, dinner. Sushi burrito with spicy tubna, crab salad, cucumber, lettuce, avocado, masago and sriracha. Item tags: dinner, lunch, spicy. Venue tags: asian,sushi,lunch,dinner. "
122,5,Southern,"lunch, dinner","Sushi burrito with shrimp tempura, avocado, cucumber, lettuce, slaw, masago, crab salad, crunch, eel sauce, and spicy mayo","dinner,lunch,spicy","dinner, lunch, spicy",Gyotaku,West Campus,Broadhead Center,11 am - 9 pm (mon - sun),asian,"Gyotaku-Where the daily catch becomes a daily delicacy. Sit down at the bar and watch as Gyotaku combines the freshest ingredients into amazing, made-to-order sushi. Or enjoy a pre-made roll created by their master chefs. Either way, your taste buds will thank you.","asian,sushi,lunch,dinner","Southern. Available at Gyotaku (asian cuisine) in Broadhead Center on West Campus campus. Hours: 11 am - 9 pm (mon - sun). Served during: lunch, dinner. Sushi burrito with shrimp tempura, avocado, cucumber, lettuce, slaw, masago, crab salad, crunch, eel sauce, and spicy mayo. Item tags: dinner, lunch, spicy. Venue tags: asian,sushi,lunch,dinner. "
123,5,Blossom Roll,"lunch, dinner","Sushi roll with spicy tuna, crab salad, cucumber, seared salmon, crispy onion, white sauce, and eel sauce","dinner,spicy,lunch","dinner, lunch, spicy",Gyotaku,West Campus,Broadhead Center,11 am - 9 pm (mon - sun),asian,"Gyotaku-Where the daily catch becomes a daily delicacy. Sit down at the bar and watch as Gyotaku combines the freshest ingredients into amazing, made-to-order sushi. Or enjoy a pre-made roll created by their master chefs. Either way, your taste buds will thank you.","asian,sushi,lunch,dinner","Blossom Roll. Available at Gyotaku (asian cuisine) in Broadhead Center on West Campus campus. Hours: 11 am - 9 pm (mon - sun). Served during: lunch, dinner. Sushi roll with spicy tuna, crab salad, cucumber, seared salmon, crispy onion, white sauce, and eel sauce. Item tags: dinner, lunch, spicy. Venue tags: asian,sushi,lunch,dinner. "
124,5,Coco Roll,"lunch, dinner","Sushi roll with spicy tuna, cucmber, crab salad, seaweed salad, and white sauce","dinner,lunch,spicy","dinner, lunch, spicy",Gyotaku,West Campus,Broadhead Center,11 am - 9 pm (mon - sun),asian,"Gyotaku-Where the daily catch becomes a daily delicacy. Sit down at the bar and watch as Gyotaku combines the freshest ingredients into amazing, made-to-order sushi. Or enjoy a pre-made roll created by their master chefs. Either way, your taste buds will thank you.","asian,sushi,lunch,dinner","Coco Roll. Available at Gyotaku (asian cuisine) in Broadhead Center on West Campus campus. Hours: 11 am - 9 pm (mon - sun). Served during: lunch, dinner. Sushi roll with spicy tuna, cucmber, crab salad, seaweed salad, and white sauce. Item tags: dinner, lunch, spicy. Venue tags: asian,sushi,lunch,dinner. "
125,5,Fire Cracker Roll,"lunch, dinner","Sushi roll with shrimp tempura, pickled jalapeno, cucmber, seared tuna, black rice, crunch, and soy garlic mayo","dinner,spicy,fried","dinner, fried, spicy",Gyotaku,West Campus,Broadhead Center,11 am - 9 pm (mon - sun),asian,"Gyotaku-Where the daily catch becomes a daily delicacy. Sit down at the bar and watch as Gyotaku combines the freshest ingredients into amazing, made-to-order sushi. Or enjoy a pre-made roll created by their master chefs. Either way, your taste buds will thank you.","asian,sushi,lunch,dinner","Fire Cracker Roll. Available at Gyotaku (asian cuisine) in Broadhead Center on West Campus campus. Hours: 11 am - 9 pm (mon - sun). Served during: lunch, dinner. Sushi roll with shrimp tempura, pickled jalapeno, cucmber, seared tuna, black rice, crunch, and soy garlic mayo. Item tags: dinner, fried, spicy. Venue tags: asian,sushi,lunch,dinner. "
126,5,Mary Roll,"lunch, dinner","Sushi roll with crab salad, avocado, cucumber, spicy tuna, scallion, masago, and spicy mayo","lunch,dinner,spicy","dinner, lunch, spicy",Gyotaku,West Campus,Broadhead Center,11 am - 9 pm (mon - sun),asian,"Gyotaku-Where the daily catch becomes a daily delicacy. Sit down at the bar and watch as Gyotaku combines the freshest ingredients into amazing, made-to-order sushi. Or enjoy a pre-made roll created by their master chefs. Either way, your taste buds will thank you.","asian,sushi,lunch,dinner","Mary Roll. Available at Gyotaku (asian cuisine) in Broadhead Center on West Campus campus. Hours: 11 am - 9 pm (mon - sun). Served during: lunch, dinner. Sushi roll with crab salad, avocado, cucumber, spicy tuna, scallion, masago, and spicy mayo. Item tags: dinner, lunch, spicy. Venue tags: asian,sushi,lunch,dinner. "
127,5,Nigiri Combo,"lunch, dinner","tuna, salmon, yellowtail nigiri","high_protein,dinner","dinner, high_protein",Gyotaku,West Campus,Broadhead Center,11 am - 9 pm (mon - sun),asian,"Gyotaku-Where the daily catch becomes a daily delicacy. Sit down at the bar and watch as Gyotaku combines the freshest ingredients into amazing, made-to-order sushi. Or enjoy a pre-made roll created by their master chefs. Either way, your taste buds will thank you.","asian,sushi,lunch,dinner","Nigiri Combo. Available at Gyotaku (asian cuisine) in Broadhead Center on West Campus campus. Hours: 11 am - 9 pm (mon - sun). Served during: lunch, dinner. tuna, salmon, yellowtail nigiri. Item tags: dinner, high_protein. Venue tags: asian,sushi,lunch,dinner. "
128,5,White Tiger Roll,"lunch, dinner","Sushi roll with shrimp tempura, spicy tuba, crab salad, spicy mayo, and eel sauce","dinner,spicy,fried","dinner, fried, spicy",Gyotaku,West Campus,Broadhead Center,11 am - 9 pm (mon - sun),asian,"Gyotaku-Where the daily catch becomes a daily delicacy. Sit down at the bar and watch as Gyotaku combines the freshest ingredients into amazing, made-to-order sushi. Or enjoy a pre-made roll created by their master chefs. Either way, your taste buds will thank you.","asian,sushi,lunch,dinner","White Tiger Roll. Available at Gyotaku (asian cuisine) in Broadhead Center on West Campus campus. Hours: 11 am - 9 pm (mon - sun). Served during: lunch, dinner. Sushi roll with shrimp tempura, spicy tuba, crab salad, spicy mayo, and eel sauce. Item tags: dinner, fried, spicy. Venue tags: asian,sushi,lunch,dinner. "
129,5,California Roll,"lunch, dinner","Sushi roll with crab salad, avocado, cucumber, sesame seeds","lunch,dinner,healthy","dinner, healthy, lunch",Gyotaku,West Campus,Broadhead Center,11 am - 9 pm (mon - sun),asian,"Gyotaku-Where the daily catch becomes a daily delicacy. Sit down at the bar and watch as Gyotaku combines the freshest ingredients into amazing, made-to-order sushi. Or enjoy a pre-made roll created by their master chefs. Either way, your taste buds will thank you.","asian,sushi,lunch,dinner","California Roll. Available at Gyotaku (asian cuisine) in Broadhead Center on West Campus campus. Hours: 11 am - 9 pm (mon - sun). Served during: lunch, dinner. Sushi roll with crab salad, avocado, cucumber, sesame seeds. Item tags: dinner, healthy, lunch. Venue tags: asian,sushi,lunch,dinner. "
130,5,Veggie Roll,"lunch, dinner","Sushi roll with avocado, cucumber, picked carrot, and sesame seed","vegetarian,healthy,lunch","healthy, lunch, vegetarian",Gyotaku,West Campus,Broadhead Center,11 am - 9 pm (mon - sun),asian,"Gyotaku-Where the daily catch becomes a daily delicacy. Sit down at the bar and watch as Gyotaku combines the freshest ingredients into amazing, made-to-order sushi. Or enjoy a pre-made roll created by their master chefs. Either way, your taste buds will thank you.","asian,sushi,lunch,dinner","Veggie Roll. Available at Gyotaku (asian cuisine) in Broadhead Center on West Campus campus. Hours: 11 am - 9 pm (mon - sun). Served during: lunch, dinner. Sushi roll with avocado, cucumber, picked carrot, and sesame seed. Item tags: healthy, lunch, vegetarian. Venue tags: asian,sushi,lunch,dinner. "
131,5,Salmon Avocado Roll,"lunch, dinner","Sushi roll with salmon, avocado, and sesame seed","dinner,lunch,healthy","dinner, healthy, lunch",Gyotaku,West Campus,Broadhead Center,11 am - 9 pm (mon - sun),asian,"Gyotaku-Where the daily catch becomes a daily delicacy. Sit down at the bar and watch as Gyotaku combines the freshest ingredients into amazing, made-to-order sushi. Or enjoy a pre-made roll created by their master chefs. Either way, your taste buds will thank you.","asian,sushi,lunch,dinner","Salmon Avocado Roll. Available at Gyotaku (asian cuisine) in Broadhead Center on West Campus campus. Hours: 11 am - 9 pm (mon - sun). Served during: lunch, dinner. Sushi roll with salmon, avocado, and sesame seed. Item tags: dinner, healthy, lunch. Venue tags: asian,sushi,lunch,dinner. "
132,5,Salmon Crunch Roll,"lunch, dinner","Sushi roll with salmon, avocado, cream cheese, crunch and eel sauce","dinner,gluten,high_protein","dinner, gluten, high_protein",Gyotaku,West Campus,Broadhead Center,11 am - 9 pm (mon - sun),asian,"Gyotaku-Where the daily catch becomes a daily delicacy. Sit down at the bar and watch as Gyotaku combines the freshest ingredients into amazing, made-to-order sushi. Or enjoy a pre-made roll created by their master chefs. Either way, your taste buds will thank you.","asian,sushi,lunch,dinner","Salmon Crunch Roll. Available at Gyotaku (asian cuisine) in Broadhead Center on West Campus campus. Hours: 11 am - 9 pm (mon - sun). Served during: lunch, dinner. Sushi roll with salmon, avocado, cream cheese, crunch and eel sauce. Item tags: dinner, gluten, high_protein. Venue tags: asian,sushi,lunch,dinner. "
133,5,Spicy Tuna Roll,"lunch, dinner","Sushi roll with spicy tuna, cucumber, sesame seed, and spicy mayo","lunch,dinner,spicy","dinner, lunch, spicy",Gyotaku,West Campus,Broadhead Center,11 am - 9 pm (mon - sun),asian,"Gyotaku-Where the daily catch becomes a daily delicacy. Sit down at the bar and watch as Gyotaku combines the freshest ingredients into amazing, made-to-order sushi. Or enjoy a pre-made roll created by their master chefs. Either way, your taste buds will thank you.","asian,sushi,lunch,dinner","Spicy Tuna Roll. Available at Gyotaku (asian cuisine) in Broadhead Center on West Campus campus. Hours: 11 am - 9 pm (mon - sun). Served during: lunch, dinner. Sushi roll with spicy tuna, cucumber, sesame seed, and spicy mayo. Item tags: dinner, lunch, spicy. Venue tags: asian,sushi,lunch,dinner. "
134,5,Dancing Eel Roll,"lunch, dinner","Sushi roll with crab salad, cucumber, avocado, eel, and eel sauce","dinner,lunch,comfort_food","comfort_food, dinner, lunch",Gyotaku,West Campus,Broadhead Center,11 am - 9 pm (mon - sun),asian,"Gyotaku-Where the daily catch becomes a daily delicacy. Sit down at the bar and watch as Gyotaku combines the freshest ingredients into amazing, made-to-order sushi. Or enjoy a pre-made roll created by their master chefs. Either way, your taste buds will thank you.","asian,sushi,lunch,dinner","Dancing Eel Roll. Available at Gyotaku (asian cuisine) in Broadhead Center on West Campus campus. Hours: 11 am - 9 pm (mon - sun). Served during: lunch, dinner. Sushi roll with crab salad, cucumber, avocado, eel, and eel sauce. Item tags: comfort_food, dinner, lunch. Venue tags: asian,sushi,lunch,dinner. "
135,5,Rainbow Roll,"lunch, dinner","Sushi roll with crab salad, cucumber, avocado, tuna, salmon, and yellowtail","dinner,comfort_food,high_protein","comfort_food, dinner, high_protein",Gyotaku,West Campus,Broadhead Center,11 am - 9 pm (mon - sun),asian,"Gyotaku-Where the daily catch becomes a daily delicacy. Sit down at the bar and watch as Gyotaku combines the freshest ingredients into amazing, made-to-order sushi. Or enjoy a pre-made roll created by their master chefs. Either way, your taste buds will thank you.","asian,sushi,lunch,dinner","Rainbow Roll. Available at Gyotaku (asian cuisine) in Broadhead Center on West Campus campus. Hours: 11 am - 9 pm (mon - sun). Served during: lunch, dinner. Sushi roll with crab salad, cucumber, avocado, tuna, salmon, and yellowtail. Item tags: comfort_food, dinner, high_protein. Venue tags: asian,sushi,lunch,dinner. "
136,5,Shrimp Tempura Roll,"lunch, dinner","Sushi roll with shrimp tempura, crab salad, cucumber, avocado, spicy mayo, eel-sauce, and crispy onion","dinner,fried,comfort_food,spicy,lunch","comfort_food, dinner, fried, lunch, spicy",Gyotaku,West Campus,Broadhead Center,11 am - 9 pm (mon - sun),asian,"Gyotaku-Where the daily catch becomes a daily delicacy. Sit down at the bar and watch as Gyotaku combines the freshest ingredients into amazing, made-to-order sushi. Or enjoy a pre-made roll created by their master chefs. Either way, your taste buds will thank you.","asian,sushi,lunch,dinner","Shrimp Tempura Roll. Available at Gyotaku (asian cuisine) in Broadhead Center on West Campus campus. Hours: 11 am - 9 pm (mon - sun). Served during: lunch, dinner. Sushi roll with shrimp tempura, crab salad, cucumber, avocado, spicy mayo, eel-sauce, and crispy onion. Item tags: comfort_food, dinner, fried, lunch, spicy. Venue tags: asian,sushi,lunch,dinner. "
137,5,Shrimp Tempura Yubu,"lunch, dinner","Fried tofu, fried shrimp, crispy onion, green onion, masago, ginger and eel sauce","fried,dinner,comfort_food","comfort_food, dinner, fried",Gyotaku,West Campus,Broadhead Center,11 am - 9 pm (mon - sun),asian,"Gyotaku-Where the daily catch becomes a daily delicacy. Sit down at the bar and watch as Gyotaku combines the freshest ingredients into amazing, made-to-order sushi. Or enjoy a pre-made roll created by their master chefs. Either way, your taste buds will thank you.","asian,sushi,lunch,dinner","Shrimp Tempura Yubu. Available at Gyotaku (asian cuisine) in Broadhead Center on West Campus campus. Hours: 11 am - 9 pm (mon - sun). Served during: lunch, dinner. Fried tofu, fried shrimp, crispy onion, green onion, masago, ginger and eel sauce. Item tags: comfort_food, dinner, fried. Venue tags: asian,sushi,lunch,dinner. "
138,5,Salmon yubu,"lunch, dinner","fried tofu, salmon, crispy onion, and spicy mayo","fried,comfort_food,lunch,dinner,spicy","comfort_food, dinner, fried, lunch, spicy",Gyotaku,West Campus,Broadhead Center,11 am - 9 pm (mon - sun),asian,"Gyotaku-Where the daily catch becomes a daily delicacy. Sit down at the bar and watch as Gyotaku combines the freshest ingredients into amazing, made-to-order sushi. Or enjoy a pre-made roll created by their master chefs. Either way, your taste buds will thank you.","asian,sushi,lunch,dinner","Salmon yubu. Available at Gyotaku (asian cuisine) in Broadhead Center on West Campus campus. Hours: 11 am - 9 pm (mon - sun). Served during: lunch, dinner. fried tofu, salmon, crispy onion, and spicy mayo. Item tags: comfort_food, dinner, fried, lunch, spicy. Venue tags: asian,sushi,lunch,dinner. "
139,5,Seaweed salad,"lunch, dinner",fried tofu and seaweed salad,"vegetarian,healthy,quick","healthy, quick, vegetarian",Gyotaku,West Campus,Broadhead Center,11 am - 9 pm (mon - sun),asian,"Gyotaku-Where the daily catch becomes a daily delicacy. Sit down at the bar and watch as Gyotaku combines the freshest ingredients into amazing, made-to-order sushi. Or enjoy a pre-made roll created by their master chefs. Either way, your taste buds will thank you.","asian,sushi,lunch,dinner","Seaweed salad. Available at Gyotaku (asian cuisine) in Broadhead Center on West Campus campus. Hours: 11 am - 9 pm (mon - sun). Served during: lunch, dinner. fried tofu and seaweed salad. Item tags: healthy, quick, vegetarian. Venue tags: asian,sushi,lunch,dinner. "
140,5,Spicy Tuba Yubu,"lunch, dinner","fried tofu, spicy tuna, crispy onion, and spicy mayo","fried,spicy,vegetarian,snack,lunch,dinner","dinner, fried, lunch, snack, spicy, vegetarian",Gyotaku,West Campus,Broadhead Center,11 am - 9 pm (mon - sun),asian,"Gyotaku-Where the daily catch becomes a daily delicacy. Sit down at the bar and watch as Gyotaku combines the freshest ingredients into amazing, made-to-order sushi. Or enjoy a pre-made roll created by their master chefs. Either way, your taste buds will thank you.","asian,sushi,lunch,dinner","Spicy Tuba Yubu. Available at Gyotaku (asian cuisine) in Broadhead Center on West Campus campus. Hours: 11 am - 9 pm (mon - sun). Served during: lunch, dinner. fried tofu, spicy tuna, crispy onion, and spicy mayo. Item tags: dinner, fried, lunch, snack, spicy, vegetarian. Venue tags: asian,sushi,lunch,dinner. "
141,6,London Broil,"lunch, dinner","Beef flank steak with two sides, bread roll, and sauce","dinner,comfort_food","comfort_food, dinner",JB's Roasts & Chops,West Campus,Broadhead Center,11 am - 9 pm (mon - sun),american,"At JB's Roasts & Chops, you'll experience meat and potatoes the way they're supposed to be, slowly roasted, deliciously seasoned and served fresh. This is a meal that's on a whole new level. Place your order and enjoy a tried and true American meal that's second to none.","lunch,dinner,protein,american","London Broil. Available at JB's Roasts & Chops (american cuisine) in Broadhead Center on West Campus campus. Hours: 11 am - 9 pm (mon - sun). Served during: lunch, dinner. Beef flank steak with two sides, bread roll, and sauce. Item tags: comfort_food, dinner. Venue tags: lunch,dinner,protein,american. "
142,6,Prime Rib,"lunch, dinner","Prime Rib with two sides, bread roll, and sauce","dinner,comfort_food","comfort_food, dinner",JB's Roasts & Chops,West Campus,Broadhead Center,11 am - 9 pm (mon - sun),american,"At JB's Roasts & Chops, you'll experience meat and potatoes the way they're supposed to be, slowly roasted, deliciously seasoned and served fresh. This is a meal that's on a whole new level. Place your order and enjoy a tried and true American meal that's second to none.","lunch,dinner,protein,american","Prime Rib. Available at JB's Roasts & Chops (american cuisine) in Broadhead Center on West Campus campus. Hours: 11 am - 9 pm (mon - sun). Served during: lunch, dinner. Prime Rib with two sides, bread roll, and sauce. Item tags: comfort_food, dinner. Venue tags: lunch,dinner,protein,american. "
143,6,Pork Chop,"lunch, dinner","Pork Chop with two sides, bread roll, and sauce","dinner,comfort_food","comfort_food, dinner",JB's Roasts & Chops,West Campus,Broadhead Center,11 am - 9 pm (mon - sun),american,"At JB's Roasts & Chops, you'll experience meat and potatoes the way they're supposed to be, slowly roasted, deliciously seasoned and served fresh. This is a meal that's on a whole new level. Place your order and enjoy a tried and true American meal that's second to none.","lunch,dinner,protein,american","Pork Chop. Available at JB's Roasts & Chops (american cuisine) in Broadhead Center on West Campus campus. Hours: 11 am - 9 pm (mon - sun). Served during: lunch, dinner. Pork Chop with two sides, bread roll, and sauce. Item tags: comfort_food, dinner. Venue tags: lunch,dinner,protein,american. "
144,6,Beef Skewer,"lunch, dinner","Beef skewer with two sides, bread roll, and sauce","dinner,comfort_food","comfort_food, dinner",JB's Roasts & Chops,West Campus,Broadhead Center,11 am - 9 pm (mon - sun),american,"At JB's Roasts & Chops, you'll experience meat and potatoes the way they're supposed to be, slowly roasted, deliciously seasoned and served fresh. This is a meal that's on a whole new level. Place your order and enjoy a tried and true American meal that's second to none.","lunch,dinner,protein,american","Beef Skewer. Available at JB's Roasts & Chops (american cuisine) in Broadhead Center on West Campus campus. Hours: 11 am - 9 pm (mon - sun). Served during: lunch, dinner. Beef skewer with two sides, bread roll, and sauce. Item tags: comfort_food, dinner. Venue tags: lunch,dinner,protein,american. "
145,6,Ribeye,"lunch, dinner","Beef ribeye with two sides, bread roll, and sauce","dinner,comfort_food","comfort_food, dinner",JB's Roasts & Chops,West Campus,Broadhead Center,11 am - 9 pm (mon - sun),american,"At JB's Roasts & Chops, you'll experience meat and potatoes the way they're supposed to be, slowly roasted, deliciously seasoned and served fresh. This is a meal that's on a whole new level. Place your order and enjoy a tried and true American meal that's second to none.","lunch,dinner,protein,american","Ribeye. Available at JB's Roasts & Chops (american cuisine) in Broadhead Center on West Campus campus. Hours: 11 am - 9 pm (mon - sun). Served during: lunch, dinner. Beef ribeye with two sides, bread roll, and sauce. Item tags: comfort_food, dinner. Venue tags: lunch,dinner,protein,american. "
146,6,BBQ Ribs,"lunch, dinner","BBQ ribs with two sides, bread roll, and sauce","comfort_food,dinner","comfort_food, dinner",JB's Roasts & Chops,West Campus,Broadhead Center,11 am - 9 pm (mon - sun),american,"At JB's Roasts & Chops, you'll experience meat and potatoes the way they're supposed to be, slowly roasted, deliciously seasoned and served fresh. This is a meal that's on a whole new level. Place your order and enjoy a tried and true American meal that's second to none.","lunch,dinner,protein,american","BBQ Ribs. Available at JB's Roasts & Chops (american cuisine) in Broadhead Center on West Campus campus. Hours: 11 am - 9 pm (mon - sun). Served during: lunch, dinner. BBQ ribs with two sides, bread roll, and sauce. Item tags: comfort_food, dinner. Venue tags: lunch,dinner,protein,american. "
147,6,Quarter flame roasted chicken,"lunch, dinner","quarter flame roasted chicken with two sides, bread roll, and sauce","dinner,comfort_food","comfort_food, dinner",JB's Roasts & Chops,West Campus,Broadhead Center,11 am - 9 pm (mon - sun),american,"At JB's Roasts & Chops, you'll experience meat and potatoes the way they're supposed to be, slowly roasted, deliciously seasoned and served fresh. This is a meal that's on a whole new level. Place your order and enjoy a tried and true American meal that's second to none.","lunch,dinner,protein,american","Quarter flame roasted chicken. Available at JB's Roasts & Chops (american cuisine) in Broadhead Center on West Campus campus. Hours: 11 am - 9 pm (mon - sun). Served during: lunch, dinner. quarter flame roasted chicken with two sides, bread roll, and sauce. Item tags: comfort_food, dinner. Venue tags: lunch,dinner,protein,american. "
148,6,Half flame roasted chicken,"lunch, dinner","Half flame roasted chicken with two sides, bread roll, and sauce","dinner,comfort_food","comfort_food, dinner",JB's Roasts & Chops,West Campus,Broadhead Center,11 am - 9 pm (mon - sun),american,"At JB's Roasts & Chops, you'll experience meat and potatoes the way they're supposed to be, slowly roasted, deliciously seasoned and served fresh. This is a meal that's on a whole new level. Place your order and enjoy a tried and true American meal that's second to none.","lunch,dinner,protein,american","Half flame roasted chicken. Available at JB's Roasts & Chops (american cuisine) in Broadhead Center on West Campus campus. Hours: 11 am - 9 pm (mon - sun). Served during: lunch, dinner. Half flame roasted chicken with two sides, bread roll, and sauce. Item tags: comfort_food, dinner. Venue tags: lunch,dinner,protein,american. "
149,6,Wood fired boneless chicken breast,"lunch, dinner","Wood fired boneless chicken breast with two sides, bread roll, and sauce","dinner,comfort_food,high_protein","comfort_food, dinner, high_protein",JB's Roasts & Chops,West Campus,Broadhead Center,11 am - 9 pm (mon - sun),american,"At JB's Roasts & Chops, you'll experience meat and potatoes the way they're supposed to be, slowly roasted, deliciously seasoned and served fresh. This is a meal that's on a whole new level. Place your order and enjoy a tried and true American meal that's second to none.","lunch,dinner,protein,american","Wood fired boneless chicken breast. Available at JB's Roasts & Chops (american cuisine) in Broadhead Center on West Campus campus. Hours: 11 am - 9 pm (mon - sun). Served during: lunch, dinner. Wood fired boneless chicken breast with two sides, bread roll, and sauce. Item tags: comfort_food, dinner, high_protein. Venue tags: lunch,dinner,protein,american. "
150,6,Paella Mixta,"lunch, dinner","Pulled chicken, chorizo, shrimp, roasted peppers, peas, tomato in saffron rice","dinner,comfort_food","comfort_food, dinner",JB's Roasts & Chops,West Campus,Broadhead Center,11 am - 9 pm (mon - sun),american,"At JB's Roasts & Chops, you'll experience meat and potatoes the way they're supposed to be, slowly roasted, deliciously seasoned and served fresh. This is a meal that's on a whole new level. Place your order and enjoy a tried and true American meal that's second to none.","lunch,dinner,protein,american","Paella Mixta. Available at JB's Roasts & Chops (american cuisine) in Broadhead Center on West Campus campus. Hours: 11 am - 9 pm (mon - sun). Served during: lunch, dinner. Pulled chicken, chorizo, shrimp, roasted peppers, peas, tomato in saffron rice. Item tags: comfort_food, dinner. Venue tags: lunch,dinner,protein,american. "
151,6,Shrimp Skewer,"lunch, dinner","Shrimp skwere with two sides, bread roll, and sauce","dinner,comfort_food","comfort_food, dinner",JB's Roasts & Chops,West Campus,Broadhead Center,11 am - 9 pm (mon - sun),american,"At JB's Roasts & Chops, you'll experience meat and potatoes the way they're supposed to be, slowly roasted, deliciously seasoned and served fresh. This is a meal that's on a whole new level. Place your order and enjoy a tried and true American meal that's second to none.","lunch,dinner,protein,american","Shrimp Skewer. Available at JB's Roasts & Chops (american cuisine) in Broadhead Center on West Campus campus. Hours: 11 am - 9 pm (mon - sun). Served during: lunch, dinner. Shrimp skwere with two sides, bread roll, and sauce. Item tags: comfort_food, dinner. Venue tags: lunch,dinner,protein,american. "
152,6,Atlantic Salmon Filet,"lunch, dinner","Salmon with two sides, bread roll, and sauce","dinner,high_protein","dinner, high_protein",JB's Roasts & Chops,West Campus,Broadhead Center,11 am - 9 pm (mon - sun),american,"At JB's Roasts & Chops, you'll experience meat and potatoes the way they're supposed to be, slowly roasted, deliciously seasoned and served fresh. This is a meal that's on a whole new level. Place your order and enjoy a tried and true American meal that's second to none.","lunch,dinner,protein,american","Atlantic Salmon Filet. Available at JB's Roasts & Chops (american cuisine) in Broadhead Center on West Campus campus. Hours: 11 am - 9 pm (mon - sun). Served during: lunch, dinner. Salmon with two sides, bread roll, and sauce. Item tags: dinner, high_protein. Venue tags: lunch,dinner,protein,american. "
153,6,Mahi Mahi,"lunch, dinner","Mahi Mahi with with two sides, bread roll, and sauce","dinner,comfort_food","comfort_food, dinner",JB's Roasts & Chops,West Campus,Broadhead Center,11 am - 9 pm (mon - sun),american,"At JB's Roasts & Chops, you'll experience meat and potatoes the way they're supposed to be, slowly roasted, deliciously seasoned and served fresh. This is a meal that's on a whole new level. Place your order and enjoy a tried and true American meal that's second to none.","lunch,dinner,protein,american","Mahi Mahi. Available at JB's Roasts & Chops (american cuisine) in Broadhead Center on West Campus campus. Hours: 11 am - 9 pm (mon - sun). Served during: lunch, dinner. Mahi Mahi with with two sides, bread roll, and sauce. Item tags: comfort_food, dinner. Venue tags: lunch,dinner,protein,american. "
154,6,Yellow Fin Tuna,"lunch, dinner","Yellow fin tuna with two sides, bread roll, and sauce","dinner,high_protein","dinner, high_protein",JB's Roasts & Chops,West Campus,Broadhead Center,11 am - 9 pm (mon - sun),american,"At JB's Roasts & Chops, you'll experience meat and potatoes the way they're supposed to be, slowly roasted, deliciously seasoned and served fresh. This is a meal that's on a whole new level. Place your order and enjoy a tried and true American meal that's second to none.","lunch,dinner,protein,american","Yellow Fin Tuna. Available at JB's Roasts & Chops (american cuisine) in Broadhead Center on West Campus campus. Hours: 11 am - 9 pm (mon - sun). Served during: lunch, dinner. Yellow fin tuna with two sides, bread roll, and sauce. Item tags: dinner, high_protein. Venue tags: lunch,dinner,protein,american. "
155,6,Sides,"lunch, dinner, snack","Options: twice baked potato, grilled tomato salad, roasted broccoli, garlic mashed potatoes, grilled asparagus, steak house wedges, cranberry quinoa, roasted vegetables, brown rice, sweet potato fries, baked potato, paella mixta","vegetarian,comfort_food,dinner","comfort_food, dinner, vegetarian",JB's Roasts & Chops,West Campus,Broadhead Center,11 am - 9 pm (mon - sun),american,"At JB's Roasts & Chops, you'll experience meat and potatoes the way they're supposed to be, slowly roasted, deliciously seasoned and served fresh. This is a meal that's on a whole new level. Place your order and enjoy a tried and true American meal that's second to none.","lunch,dinner,protein,american","Sides. Available at JB's Roasts & Chops (american cuisine) in Broadhead Center on West Campus campus. Hours: 11 am - 9 pm (mon - sun). Served during: lunch, dinner, snack. Options: twice baked potato, grilled tomato salad, roasted broccoli, garlic mashed potatoes, grilled asparagus, steak house wedges, cranberry quinoa, roasted vegetables, brown rice, sweet potato fries, baked potato, paella mixta. Item tags: comfort_food, dinner, vegetarian. Venue tags: lunch,dinner,protein,american. "
156,6,Prime Rib Steak and Cheese,"lunch, dinner",Prime Rib steak and cheese sandwich with cheese and mushrooms and a choice of side,"dinner,comfort_food,gluten,dairy","comfort_food, dairy, dinner, gluten",JB's Roasts & Chops,West Campus,Broadhead Center,11 am - 9 pm (mon - sun),american,"At JB's Roasts & Chops, you'll experience meat and potatoes the way they're supposed to be, slowly roasted, deliciously seasoned and served fresh. This is a meal that's on a whole new level. Place your order and enjoy a tried and true American meal that's second to none.","lunch,dinner,protein,american","Prime Rib Steak and Cheese. Available at JB's Roasts & Chops (american cuisine) in Broadhead Center on West Campus campus. Hours: 11 am - 9 pm (mon - sun). Served during: lunch, dinner. Prime Rib steak and cheese sandwich with cheese and mushrooms and a choice of side. Item tags: comfort_food, dairy, dinner, gluten. Venue tags: lunch,dinner,protein,american. "
157,6,Chophouse Burger,"lunch, dinner","Burger with cheese, lettuce, tomato, onion, cheddar  or swiss cheese, steak sauce","dinner,comfort_food,dairy","comfort_food, dairy, dinner",JB's Roasts & Chops,West Campus,Broadhead Center,11 am - 9 pm (mon - sun),american,"At JB's Roasts & Chops, you'll experience meat and potatoes the way they're supposed to be, slowly roasted, deliciously seasoned and served fresh. This is a meal that's on a whole new level. Place your order and enjoy a tried and true American meal that's second to none.","lunch,dinner,protein,american","Chophouse Burger. Available at JB's Roasts & Chops (american cuisine) in Broadhead Center on West Campus campus. Hours: 11 am - 9 pm (mon - sun). Served during: lunch, dinner. Burger with cheese, lettuce, tomato, onion, cheddar  or swiss cheese, steak sauce. Item tags: comfort_food, dairy, dinner. Venue tags: lunch,dinner,protein,american. "
158,6,Loaded Goat Burger,"lunch, dinner","Burger with arugula, red pepper, and goat cheese","dairy,comfort_food,lunch,dinner","comfort_food, dairy, dinner, lunch",JB's Roasts & Chops,West Campus,Broadhead Center,11 am - 9 pm (mon - sun),american,"At JB's Roasts & Chops, you'll experience meat and potatoes the way they're supposed to be, slowly roasted, deliciously seasoned and served fresh. This is a meal that's on a whole new level. Place your order and enjoy a tried and true American meal that's second to none.","lunch,dinner,protein,american","Loaded Goat Burger. Available at JB's Roasts & Chops (american cuisine) in Broadhead Center on West Campus campus. Hours: 11 am - 9 pm (mon - sun). Served during: lunch, dinner. Burger with arugula, red pepper, and goat cheese. Item tags: comfort_food, dairy, dinner, lunch. Venue tags: lunch,dinner,protein,american. "
159,6,Black and Blue Burger,"lunch, dinner","Burger with mixed greens, red onion, greens, mustard and blue cheese","dinner,comfort_food,gluten,dairy","comfort_food, dairy, dinner, gluten",JB's Roasts & Chops,West Campus,Broadhead Center,11 am - 9 pm (mon - sun),american,"At JB's Roasts & Chops, you'll experience meat and potatoes the way they're supposed to be, slowly roasted, deliciously seasoned and served fresh. This is a meal that's on a whole new level. Place your order and enjoy a tried and true American meal that's second to none.","lunch,dinner,protein,american","Black and Blue Burger. Available at JB's Roasts & Chops (american cuisine) in Broadhead Center on West Campus campus. Hours: 11 am - 9 pm (mon - sun). Served during: lunch, dinner. Burger with mixed greens, red onion, greens, mustard and blue cheese. Item tags: comfort_food, dairy, dinner, gluten. Venue tags: lunch,dinner,protein,american. "
160,6,Ultimate Grilled Chicken Sandwich,"lunch, dinner","Chicken sandwich with mixed greens, lettuce, tomato, bacon, swiss cheese, chipotle ranch","comfort_food,lunch,dinner,high_protein","comfort_food, dinner, high_protein, lunch",JB's Roasts & Chops,West Campus,Broadhead Center,11 am - 9 pm (mon - sun),american,"At JB's Roasts & Chops, you'll experience meat and potatoes the way they're supposed to be, slowly roasted, deliciously seasoned and served fresh. This is a meal that's on a whole new level. Place your order and enjoy a tried and true American meal that's second to none.","lunch,dinner,protein,american","Ultimate Grilled Chicken Sandwich. Available at JB's Roasts & Chops (american cuisine) in Broadhead Center on West Campus campus. Hours: 11 am - 9 pm (mon - sun). Served during: lunch, dinner. Chicken sandwich with mixed greens, lettuce, tomato, bacon, swiss cheese, chipotle ranch. Item tags: comfort_food, dinner, high_protein, lunch. Venue tags: lunch,dinner,protein,american. "
161,6,Smoke house chopped salad,"lunch, dinner","tomato, cucmber, red pepper, celery, roasted corn cheddar cheese, chipotle ranch","vegetarian,dairy,lunch,comfort_food,spicy","comfort_food, dairy, lunch, spicy, vegetarian",JB's Roasts & Chops,West Campus,Broadhead Center,11 am - 9 pm (mon - sun),american,"At JB's Roasts & Chops, you'll experience meat and potatoes the way they're supposed to be, slowly roasted, deliciously seasoned and served fresh. This is a meal that's on a whole new level. Place your order and enjoy a tried and true American meal that's second to none.","lunch,dinner,protein,american","Smoke house chopped salad. Available at JB's Roasts & Chops (american cuisine) in Broadhead Center on West Campus campus. Hours: 11 am - 9 pm (mon - sun). Served during: lunch, dinner. tomato, cucmber, red pepper, celery, roasted corn cheddar cheese, chipotle ranch. Item tags: comfort_food, dairy, lunch, spicy, vegetarian. Venue tags: lunch,dinner,protein,american. "
162,6,The Wedge Salad,"lunch, dinner","iceberg lettuce, cheese, tomato, crumbled bacon, blue cheese dressing","dinner,comfort_food,gluten","comfort_food, dinner, gluten",JB's Roasts & Chops,West Campus,Broadhead Center,11 am - 9 pm (mon - sun),american,"At JB's Roasts & Chops, you'll experience meat and potatoes the way they're supposed to be, slowly roasted, deliciously seasoned and served fresh. This is a meal that's on a whole new level. Place your order and enjoy a tried and true American meal that's second to none.","lunch,dinner,protein,american","The Wedge Salad. Available at JB's Roasts & Chops (american cuisine) in Broadhead Center on West Campus campus. Hours: 11 am - 9 pm (mon - sun). Served during: lunch, dinner. iceberg lettuce, cheese, tomato, crumbled bacon, blue cheese dressing. Item tags: comfort_food, dinner, gluten. Venue tags: lunch,dinner,protein,american. "
163,6,Apple and Fennel Salad,"lunch, dinner","apple, fennel, arugula, romaine, almonds, dried cranberries, white wine vinaigrette","vegetarian,healthy,lunch","healthy, lunch, vegetarian",JB's Roasts & Chops,West Campus,Broadhead Center,11 am - 9 pm (mon - sun),american,"At JB's Roasts & Chops, you'll experience meat and potatoes the way they're supposed to be, slowly roasted, deliciously seasoned and served fresh. This is a meal that's on a whole new level. Place your order and enjoy a tried and true American meal that's second to none.","lunch,dinner,protein,american","Apple and Fennel Salad. Available at JB's Roasts & Chops (american cuisine) in Broadhead Center on West Campus campus. Hours: 11 am - 9 pm (mon - sun). Served during: lunch, dinner. apple, fennel, arugula, romaine, almonds, dried cranberries, white wine vinaigrette. Item tags: healthy, lunch, vegetarian. Venue tags: lunch,dinner,protein,american. "
164,6,Classic Caesar,"lunch, dinner","Romaine lettuce, parmesan cheese, house croutons, classic caesar dressing","dairy,lunch,dinner,comfort_food,gluten,healthy","comfort_food, dairy, dinner, gluten, healthy, lunch",JB's Roasts & Chops,West Campus,Broadhead Center,11 am - 9 pm (mon - sun),american,"At JB's Roasts & Chops, you'll experience meat and potatoes the way they're supposed to be, slowly roasted, deliciously seasoned and served fresh. This is a meal that's on a whole new level. Place your order and enjoy a tried and true American meal that's second to none.","lunch,dinner,protein,american","Classic Caesar. Available at JB's Roasts & Chops (american cuisine) in Broadhead Center on West Campus campus. Hours: 11 am - 9 pm (mon - sun). Served during: lunch, dinner. Romaine lettuce, parmesan cheese, house croutons, classic caesar dressing. Item tags: comfort_food, dairy, dinner, gluten, healthy, lunch. Venue tags: lunch,dinner,protein,american. "
165,6,Flourless Chocolate cake,dessert,Blend of four chocolates and ganache,"dessert,comfort_food","comfort_food, dessert",JB's Roasts & Chops,West Campus,Broadhead Center,11 am - 9 pm (mon - sun),american,"At JB's Roasts & Chops, you'll experience meat and potatoes the way they're supposed to be, slowly roasted, deliciously seasoned and served fresh. This is a meal that's on a whole new level. Place your order and enjoy a tried and true American meal that's second to none.","lunch,dinner,protein,american","Flourless Chocolate cake. Available at JB's Roasts & Chops (american cuisine) in Broadhead Center on West Campus campus. Hours: 11 am - 9 pm (mon - sun). Served during: dessert. Blend of four chocolates and ganache. Item tags: comfort_food, dessert. Venue tags: lunch,dinner,protein,american. "
166,6,Tiramisu,dessert,mascarpone cream on foccee and rum soaked sponce cake and dusted with imported cocoa,"dairy,comfort_food,dessert","comfort_food, dairy, dessert",JB's Roasts & Chops,West Campus,Broadhead Center,11 am - 9 pm (mon - sun),american,"At JB's Roasts & Chops, you'll experience meat and potatoes the way they're supposed to be, slowly roasted, deliciously seasoned and served fresh. This is a meal that's on a whole new level. Place your order and enjoy a tried and true American meal that's second to none.","lunch,dinner,protein,american","Tiramisu. Available at JB's Roasts & Chops (american cuisine) in Broadhead Center on West Campus campus. Hours: 11 am - 9 pm (mon - sun). Served during: dessert. mascarpone cream on foccee and rum soaked sponce cake and dusted with imported cocoa. Item tags: comfort_food, dairy, dessert. Venue tags: lunch,dinner,protein,american. "
167,6,Raspberry white chocolate cheesecake,"lunch, dinner",white chocolate cheesecake swirled with raspberry,"dessert,dairy","dairy, dessert",JB's Roasts & Chops,West Campus,Broadhead Center,11 am - 9 pm (mon - sun),american,"At JB's Roasts & Chops, you'll experience meat and potatoes the way they're supposed to be, slowly roasted, deliciously seasoned and served fresh. This is a meal that's on a whole new level. Place your order and enjoy a tried and true American meal that's second to none.","lunch,dinner,protein,american","Raspberry white chocolate cheesecake. Available at JB's Roasts & Chops (american cuisine) in Broadhead Center on West Campus campus. Hours: 11 am - 9 pm (mon - sun). Served during: lunch, dinner. white chocolate cheesecake swirled with raspberry. Item tags: dairy, dessert. Venue tags: lunch,dinner,protein,american. "
168,7,Build Your Own Tacos,"lunch, dinner",2 tacos with choice of protein and toppings,"lunch,dinner,quick","dinner, lunch, quick",Sazon,West Campus,Broadhead Center,11 am - 9 pm (mon - sun),latin american,"Sazon Latin American Table brings true, authentic Latin American cuisine to the Brodhead Center offering made to order arepas, tortillas and bowls created with fresh ingredients.","latin american,arepas,tortillas,bowl,lunch,dinner","Build Your Own Tacos. Available at Sazon (latin american cuisine) in Broadhead Center on West Campus campus. Hours: 11 am - 9 pm (mon - sun). Served during: lunch, dinner. 2 tacos with choice of protein and toppings. Item tags: dinner, lunch, quick. Venue tags: latin american,arepas,tortillas,bowl,lunch,dinner. "
169,7,Build Your Own Arepa Bowl,"lunch, dinner",Latin bowl customized with your choice of toppings,"lunch,dinner,comfort_food","comfort_food, dinner, lunch",Sazon,West Campus,Broadhead Center,11 am - 9 pm (mon - sun),latin american,"Sazon Latin American Table brings true, authentic Latin American cuisine to the Brodhead Center offering made to order arepas, tortillas and bowls created with fresh ingredients.","latin american,arepas,tortillas,bowl,lunch,dinner","Build Your Own Arepa Bowl. Available at Sazon (latin american cuisine) in Broadhead Center on West Campus campus. Hours: 11 am - 9 pm (mon - sun). Served during: lunch, dinner. Latin bowl customized with your choice of toppings. Item tags: comfort_food, dinner, lunch. Venue tags: latin american,arepas,tortillas,bowl,lunch,dinner. "
170,7,Build Your Own Burrito,"lunch, dinner",Customizeable burrito with chips and salsa,"lunch,dinner,comfort_food","comfort_food, dinner, lunch",Sazon,West Campus,Broadhead Center,11 am - 9 pm (mon - sun),latin american,"Sazon Latin American Table brings true, authentic Latin American cuisine to the Brodhead Center offering made to order arepas, tortillas and bowls created with fresh ingredients.","latin american,arepas,tortillas,bowl,lunch,dinner","Build Your Own Burrito. Available at Sazon (latin american cuisine) in Broadhead Center on West Campus campus. Hours: 11 am - 9 pm (mon - sun). Served during: lunch, dinner. Customizeable burrito with chips and salsa. Item tags: comfort_food, dinner, lunch. Venue tags: latin american,arepas,tortillas,bowl,lunch,dinner. "
171,7,Build Your Own Quesadilla,"lunch, dinner",Grilled flour tortillas with cheese and your choice of toppings,"dairy,gluten,lunch,dinner,comfort_food","comfort_food, dairy, dinner, gluten, lunch",Sazon,West Campus,Broadhead Center,11 am - 9 pm (mon - sun),latin american,"Sazon Latin American Table brings true, authentic Latin American cuisine to the Brodhead Center offering made to order arepas, tortillas and bowls created with fresh ingredients.","latin american,arepas,tortillas,bowl,lunch,dinner","Build Your Own Quesadilla. Available at Sazon (latin american cuisine) in Broadhead Center on West Campus campus. Hours: 11 am - 9 pm (mon - sun). Served during: lunch, dinner. Grilled flour tortillas with cheese and your choice of toppings. Item tags: comfort_food, dairy, dinner, gluten, lunch. Venue tags: latin american,arepas,tortillas,bowl,lunch,dinner. "
172,7,Tortilla Options,"lunch, dinner",Options of corn or flour,"gluten,vegetarian","gluten, vegetarian",Sazon,West Campus,Broadhead Center,11 am - 9 pm (mon - sun),latin american,"Sazon Latin American Table brings true, authentic Latin American cuisine to the Brodhead Center offering made to order arepas, tortillas and bowls created with fresh ingredients.","latin american,arepas,tortillas,bowl,lunch,dinner","Tortilla Options. Available at Sazon (latin american cuisine) in Broadhead Center on West Campus campus. Hours: 11 am - 9 pm (mon - sun). Served during: lunch, dinner. Options of corn or flour. Item tags: gluten, vegetarian. Venue tags: latin american,arepas,tortillas,bowl,lunch,dinner. "
173,7,Base Options,"lunch, dinner","Options of shredded romaine, brown rice, white rice, and black beans","vegetarian,healthy","healthy, vegetarian",Sazon,West Campus,Broadhead Center,11 am - 9 pm (mon - sun),latin american,"Sazon Latin American Table brings true, authentic Latin American cuisine to the Brodhead Center offering made to order arepas, tortillas and bowls created with fresh ingredients.","latin american,arepas,tortillas,bowl,lunch,dinner","Base Options. Available at Sazon (latin american cuisine) in Broadhead Center on West Campus campus. Hours: 11 am - 9 pm (mon - sun). Served during: lunch, dinner. Options of shredded romaine, brown rice, white rice, and black beans. Item tags: healthy, vegetarian. Venue tags: latin american,arepas,tortillas,bowl,lunch,dinner. "
174,7,Protein Options,"lunch, dinner","Options of Grilled Chicken, Carnitas, Barbacoa, Blackened Shrimp, Portobello, Steak, Chorizo, Hot Honey Chicken, Tofrizo","high_protein,dinner,lunch","dinner, high_protein, lunch",Sazon,West Campus,Broadhead Center,11 am - 9 pm (mon - sun),latin american,"Sazon Latin American Table brings true, authentic Latin American cuisine to the Brodhead Center offering made to order arepas, tortillas and bowls created with fresh ingredients.","latin american,arepas,tortillas,bowl,lunch,dinner","Protein Options. Available at Sazon (latin american cuisine) in Broadhead Center on West Campus campus. Hours: 11 am - 9 pm (mon - sun). Served during: lunch, dinner. Options of Grilled Chicken, Carnitas, Barbacoa, Blackened Shrimp, Portobello, Steak, Chorizo, Hot Honey Chicken, Tofrizo. Item tags: dinner, high_protein, lunch. Venue tags: latin american,arepas,tortillas,bowl,lunch,dinner. "
175,7,Toppings Options,"lunch, dinner","Options of Fajita Peppers and onions, fried egg, plaintains, guacamole, pico de gallo, corn salsa, habanero coleslaw, cilantro lime slaw, cotija cheese, monterrey jack cheese","dinner,lunch,comfort_food,gluten,quick,spicy","comfort_food, dinner, gluten, lunch, quick, spicy",Sazon,West Campus,Broadhead Center,11 am - 9 pm (mon - sun),latin american,"Sazon Latin American Table brings true, authentic Latin American cuisine to the Brodhead Center offering made to order arepas, tortillas and bowls created with fresh ingredients.","latin american,arepas,tortillas,bowl,lunch,dinner","Toppings Options. Available at Sazon (latin american cuisine) in Broadhead Center on West Campus campus. Hours: 11 am - 9 pm (mon - sun). Served during: lunch, dinner. Options of Fajita Peppers and onions, fried egg, plaintains, guacamole, pico de gallo, corn salsa, habanero coleslaw, cilantro lime slaw, cotija cheese, monterrey jack cheese. Item tags: comfort_food, dinner, gluten, lunch, quick, spicy. Venue tags: latin american,arepas,tortillas,bowl,lunch,dinner. "
176,7,Sauce Options,"lunch, dinner","Hot Cilantro Aioli, Chimichurri, mild cilantro aioli, fresco sour cream","dairy,comfort_food","comfort_food, dairy",Sazon,West Campus,Broadhead Center,11 am - 9 pm (mon - sun),latin american,"Sazon Latin American Table brings true, authentic Latin American cuisine to the Brodhead Center offering made to order arepas, tortillas and bowls created with fresh ingredients.","latin american,arepas,tortillas,bowl,lunch,dinner","Sauce Options. Available at Sazon (latin american cuisine) in Broadhead Center on West Campus campus. Hours: 11 am - 9 pm (mon - sun). Served during: lunch, dinner. Hot Cilantro Aioli, Chimichurri, mild cilantro aioli, fresco sour cream. Item tags: comfort_food, dairy. Venue tags: latin american,arepas,tortillas,bowl,lunch,dinner. "
177,7,Chocolate Chip Cookie,dessert,Chocolate Chip Cookie,"dessert,comfort_food","comfort_food, dessert",Sazon,West Campus,Broadhead Center,11 am - 9 pm (mon - sun),latin american,"Sazon Latin American Table brings true, authentic Latin American cuisine to the Brodhead Center offering made to order arepas, tortillas and bowls created with fresh ingredients.","latin american,arepas,tortillas,bowl,lunch,dinner","Chocolate Chip Cookie. Available at Sazon (latin american cuisine) in Broadhead Center on West Campus campus. Hours: 11 am - 9 pm (mon - sun). Served during: dessert. Chocolate Chip Cookie. Item tags: comfort_food, dessert. Venue tags: latin american,arepas,tortillas,bowl,lunch,dinner. "
178,7,Iced Brownie,dessert,Iced Brownie,dessert,dessert,Sazon,West Campus,Broadhead Center,11 am - 9 pm (mon - sun),latin american,"Sazon Latin American Table brings true, authentic Latin American cuisine to the Brodhead Center offering made to order arepas, tortillas and bowls created with fresh ingredients.","latin american,arepas,tortillas,bowl,lunch,dinner","Iced Brownie. Available at Sazon (latin american cuisine) in Broadhead Center on West Campus campus. Hours: 11 am - 9 pm (mon - sun). Served during: dessert. Iced Brownie. Item tags: dessert. Venue tags: latin american,arepas,tortillas,bowl,lunch,dinner. "
179,7,Chips & Sauce,snack,"Chips with guacamole, salsa, or queso","comfort_food,snack,fried","comfort_food, fried, snack",Sazon,West Campus,Broadhead Center,11 am - 9 pm (mon - sun),latin american,"Sazon Latin American Table brings true, authentic Latin American cuisine to the Brodhead Center offering made to order arepas, tortillas and bowls created with fresh ingredients.","latin american,arepas,tortillas,bowl,lunch,dinner","Chips & Sauce. Available at Sazon (latin american cuisine) in Broadhead Center on West Campus campus. Hours: 11 am - 9 pm (mon - sun). Served during: snack. Chips with guacamole, salsa, or queso. Item tags: comfort_food, fried, snack. Venue tags: latin american,arepas,tortillas,bowl,lunch,dinner. "
180,8,Healthy Boost,drink,"beets, green apple, celery, carrot, ginger","healthy,vegetarian,vegan,quick,drink","drink, healthy, quick, vegan, vegetarian",Cafe,West Campus,Broadhead Center,7 am - 10 pm (mon - fri); 8 am - 10 pm (sat - sun),cafe,"Duke Cafe is a European inspired coffee shop that serves fresh pressed juices, exceptional coffee, hand-crafted crepes, sandwiches, little-bites, and scratch-made gelato.","european,coffee,juice,sandwiches,dessert,breakfast","Healthy Boost. Available at Cafe (cafe cuisine) in Broadhead Center on West Campus campus. Hours: 7 am - 10 pm (mon - fri); 8 am - 10 pm (sat - sun). Served during: drink. beets, green apple, celery, carrot, ginger. Item tags: drink, healthy, quick, vegan, vegetarian. Venue tags: european,coffee,juice,sandwiches,dessert,breakfast. "
181,8,Grilled Ratatouille,"lunch, dinner",Grilled Ratatouille panini on focaccia bread,"vegetarian,lunch,comfort_food","comfort_food, lunch, vegetarian",Cafe,West Campus,Broadhead Center,7 am - 10 pm (mon - fri); 8 am - 10 pm (sat - sun),cafe,"Duke Cafe is a European inspired coffee shop that serves fresh pressed juices, exceptional coffee, hand-crafted crepes, sandwiches, little-bites, and scratch-made gelato.","european,coffee,juice,sandwiches,dessert,breakfast","Grilled Ratatouille. Available at Cafe (cafe cuisine) in Broadhead Center on West Campus campus. Hours: 7 am - 10 pm (mon - fri); 8 am - 10 pm (sat - sun). Served during: lunch, dinner. Grilled Ratatouille panini on focaccia bread. Item tags: comfort_food, lunch, vegetarian. Venue tags: european,coffee,juice,sandwiches,dessert,breakfast. "
182,8,Chicken Pesto,"lunch, dinner",Hot sandwich with grilled chicken pesto and melted mozzarella cheese and side of chips,"dinner,comfort_food,gluten,dairy","comfort_food, dairy, dinner, gluten",Cafe,West Campus,Broadhead Center,7 am - 10 pm (mon - fri); 8 am - 10 pm (sat - sun),cafe,"Duke Cafe is a European inspired coffee shop that serves fresh pressed juices, exceptional coffee, hand-crafted crepes, sandwiches, little-bites, and scratch-made gelato.","european,coffee,juice,sandwiches,dessert,breakfast","Chicken Pesto. Available at Cafe (cafe cuisine) in Broadhead Center on West Campus campus. Hours: 7 am - 10 pm (mon - fri); 8 am - 10 pm (sat - sun). Served during: lunch, dinner. Hot sandwich with grilled chicken pesto and melted mozzarella cheese and side of chips. Item tags: comfort_food, dairy, dinner, gluten. Venue tags: european,coffee,juice,sandwiches,dessert,breakfast. "
183,8,Frappe,drink,"Frappucino with whip cream and options of caramel, chai, matcha, mocha or vanilla flavor. Milk substitutions available of whole, soy skim, or oat","dairy,drink,caffeinated","caffeinated, dairy, drink",Cafe,West Campus,Broadhead Center,7 am - 10 pm (mon - fri); 8 am - 10 pm (sat - sun),cafe,"Duke Cafe is a European inspired coffee shop that serves fresh pressed juices, exceptional coffee, hand-crafted crepes, sandwiches, little-bites, and scratch-made gelato.","european,coffee,juice,sandwiches,dessert,breakfast","Frappe. Available at Cafe (cafe cuisine) in Broadhead Center on West Campus campus. Hours: 7 am - 10 pm (mon - fri); 8 am - 10 pm (sat - sun). Served during: drink. Frappucino with whip cream and options of caramel, chai, matcha, mocha or vanilla flavor. Milk substitutions available of whole, soy skim, or oat. Item tags: caffeinated, dairy, drink. Venue tags: european,coffee,juice,sandwiches,dessert,breakfast. "
184,8,Iced Coffee,drink,Iced Coffee,"drink,caffeinated","caffeinated, drink",Cafe,West Campus,Broadhead Center,7 am - 10 pm (mon - fri); 8 am - 10 pm (sat - sun),cafe,"Duke Cafe is a European inspired coffee shop that serves fresh pressed juices, exceptional coffee, hand-crafted crepes, sandwiches, little-bites, and scratch-made gelato.","european,coffee,juice,sandwiches,dessert,breakfast","Iced Coffee. Available at Cafe (cafe cuisine) in Broadhead Center on West Campus campus. Hours: 7 am - 10 pm (mon - fri); 8 am - 10 pm (sat - sun). Served during: drink. Iced Coffee. Item tags: caffeinated, drink. Venue tags: european,coffee,juice,sandwiches,dessert,breakfast. "
185,8,Cortado,drink,"Cortado available Iced or Hot and with milk substitutes of whole, soy skim, or oat","dairy,drink,caffeinated","caffeinated, dairy, drink",Cafe,West Campus,Broadhead Center,7 am - 10 pm (mon - fri); 8 am - 10 pm (sat - sun),cafe,"Duke Cafe is a European inspired coffee shop that serves fresh pressed juices, exceptional coffee, hand-crafted crepes, sandwiches, little-bites, and scratch-made gelato.","european,coffee,juice,sandwiches,dessert,breakfast","Cortado. Available at Cafe (cafe cuisine) in Broadhead Center on West Campus campus. Hours: 7 am - 10 pm (mon - fri); 8 am - 10 pm (sat - sun). Served during: drink. Cortado available Iced or Hot and with milk substitutes of whole, soy skim, or oat. Item tags: caffeinated, dairy, drink. Venue tags: european,coffee,juice,sandwiches,dessert,breakfast. "
186,8,Large Milk,drink,"Large Milk (skim, oat, soy or whole)",dairy,dairy,Cafe,West Campus,Broadhead Center,7 am - 10 pm (mon - fri); 8 am - 10 pm (sat - sun),cafe,"Duke Cafe is a European inspired coffee shop that serves fresh pressed juices, exceptional coffee, hand-crafted crepes, sandwiches, little-bites, and scratch-made gelato.","european,coffee,juice,sandwiches,dessert,breakfast","Large Milk. Available at Cafe (cafe cuisine) in Broadhead Center on West Campus campus. Hours: 7 am - 10 pm (mon - fri); 8 am - 10 pm (sat - sun). Served during: drink. Large Milk (skim, oat, soy or whole). Item tags: dairy. Venue tags: european,coffee,juice,sandwiches,dessert,breakfast. "
187,8,Americano,drink,"Americano available Iced or Hot, with milk substitutes of oat, skim,soy, or whole and syrups of caramel, sugar free vanilla, vanilla, or chocolate","drink,caffeinated","caffeinated, drink",Cafe,West Campus,Broadhead Center,7 am - 10 pm (mon - fri); 8 am - 10 pm (sat - sun),cafe,"Duke Cafe is a European inspired coffee shop that serves fresh pressed juices, exceptional coffee, hand-crafted crepes, sandwiches, little-bites, and scratch-made gelato.","european,coffee,juice,sandwiches,dessert,breakfast","Americano. Available at Cafe (cafe cuisine) in Broadhead Center on West Campus campus. Hours: 7 am - 10 pm (mon - fri); 8 am - 10 pm (sat - sun). Served during: drink. Americano available Iced or Hot, with milk substitutes of oat, skim,soy, or whole and syrups of caramel, sugar free vanilla, vanilla, or chocolate. Item tags: caffeinated, drink. Venue tags: european,coffee,juice,sandwiches,dessert,breakfast. "
188,8,Cappucino,drink,"Cappucino available Iced or Hot, with milk substitutes of oat, skim,soy, or whole and syrups of caramel, sugar free vanilla, vanilla, or chocolate","drink,caffeinated","caffeinated, drink",Cafe,West Campus,Broadhead Center,7 am - 10 pm (mon - fri); 8 am - 10 pm (sat - sun),cafe,"Duke Cafe is a European inspired coffee shop that serves fresh pressed juices, exceptional coffee, hand-crafted crepes, sandwiches, little-bites, and scratch-made gelato.","european,coffee,juice,sandwiches,dessert,breakfast","Cappucino. Available at Cafe (cafe cuisine) in Broadhead Center on West Campus campus. Hours: 7 am - 10 pm (mon - fri); 8 am - 10 pm (sat - sun). Served during: drink. Cappucino available Iced or Hot, with milk substitutes of oat, skim,soy, or whole and syrups of caramel, sugar free vanilla, vanilla, or chocolate. Item tags: caffeinated, drink. Venue tags: european,coffee,juice,sandwiches,dessert,breakfast. "
189,8,House Brewed Coffee,drink,House brewed coffee available iced or hot and regular or decaf,"drink,caffeinated","caffeinated, drink",Cafe,West Campus,Broadhead Center,7 am - 10 pm (mon - fri); 8 am - 10 pm (sat - sun),cafe,"Duke Cafe is a European inspired coffee shop that serves fresh pressed juices, exceptional coffee, hand-crafted crepes, sandwiches, little-bites, and scratch-made gelato.","european,coffee,juice,sandwiches,dessert,breakfast","House Brewed Coffee. Available at Cafe (cafe cuisine) in Broadhead Center on West Campus campus. Hours: 7 am - 10 pm (mon - fri); 8 am - 10 pm (sat - sun). Served during: drink. House brewed coffee available iced or hot and regular or decaf. Item tags: caffeinated, drink. Venue tags: european,coffee,juice,sandwiches,dessert,breakfast. "
190,8,Caramel Leche,drink,"Caramel Leche available Iced or Hot, with milk substitutes of oat, skim,soy, or whole","dairy,drink,comfort_food","comfort_food, dairy, drink",Cafe,West Campus,Broadhead Center,7 am - 10 pm (mon - fri); 8 am - 10 pm (sat - sun),cafe,"Duke Cafe is a European inspired coffee shop that serves fresh pressed juices, exceptional coffee, hand-crafted crepes, sandwiches, little-bites, and scratch-made gelato.","european,coffee,juice,sandwiches,dessert,breakfast","Caramel Leche. Available at Cafe (cafe cuisine) in Broadhead Center on West Campus campus. Hours: 7 am - 10 pm (mon - fri); 8 am - 10 pm (sat - sun). Served during: drink. Caramel Leche available Iced or Hot, with milk substitutes of oat, skim,soy, or whole. Item tags: comfort_food, dairy, drink. Venue tags: european,coffee,juice,sandwiches,dessert,breakfast. "
191,8,Cafe Latte,drink,"Cafe Latte available Iced or Hot, with milk substitutes of oat, skim,soy, or whole and syrups of caramel, sugar free vanilla, vanilla, or chocolate","drink,caffeinated","caffeinated, drink",Cafe,West Campus,Broadhead Center,7 am - 10 pm (mon - fri); 8 am - 10 pm (sat - sun),cafe,"Duke Cafe is a European inspired coffee shop that serves fresh pressed juices, exceptional coffee, hand-crafted crepes, sandwiches, little-bites, and scratch-made gelato.","european,coffee,juice,sandwiches,dessert,breakfast","Cafe Latte. Available at Cafe (cafe cuisine) in Broadhead Center on West Campus campus. Hours: 7 am - 10 pm (mon - fri); 8 am - 10 pm (sat - sun). Served during: drink. Cafe Latte available Iced or Hot, with milk substitutes of oat, skim,soy, or whole and syrups of caramel, sugar free vanilla, vanilla, or chocolate. Item tags: caffeinated, drink. Venue tags: european,coffee,juice,sandwiches,dessert,breakfast. "
192,8,Mocha Latte,drink,"Mocha Latte available Iced or Hot, with milk substitutes of oat, skim,soy, or whole and syrups of caramel, sugar free vanilla, vanilla, or chocolate","drink,caffeinated","caffeinated, drink",Cafe,West Campus,Broadhead Center,7 am - 10 pm (mon - fri); 8 am - 10 pm (sat - sun),cafe,"Duke Cafe is a European inspired coffee shop that serves fresh pressed juices, exceptional coffee, hand-crafted crepes, sandwiches, little-bites, and scratch-made gelato.","european,coffee,juice,sandwiches,dessert,breakfast","Mocha Latte. Available at Cafe (cafe cuisine) in Broadhead Center on West Campus campus. Hours: 7 am - 10 pm (mon - fri); 8 am - 10 pm (sat - sun). Served during: drink. Mocha Latte available Iced or Hot, with milk substitutes of oat, skim,soy, or whole and syrups of caramel, sugar free vanilla, vanilla, or chocolate. Item tags: caffeinated, drink. Venue tags: european,coffee,juice,sandwiches,dessert,breakfast. "
193,8,Matcha Latte,drink,"Matcha Latte available Iced or Hot, with milk substitutes of oat, skim,soy, or whole","drink,caffeinated","caffeinated, drink",Cafe,West Campus,Broadhead Center,7 am - 10 pm (mon - fri); 8 am - 10 pm (sat - sun),cafe,"Duke Cafe is a European inspired coffee shop that serves fresh pressed juices, exceptional coffee, hand-crafted crepes, sandwiches, little-bites, and scratch-made gelato.","european,coffee,juice,sandwiches,dessert,breakfast","Matcha Latte. Available at Cafe (cafe cuisine) in Broadhead Center on West Campus campus. Hours: 7 am - 10 pm (mon - fri); 8 am - 10 pm (sat - sun). Served during: drink. Matcha Latte available Iced or Hot, with milk substitutes of oat, skim,soy, or whole. Item tags: caffeinated, drink. Venue tags: european,coffee,juice,sandwiches,dessert,breakfast. "
194,8,Hot Chocolate,drink,"Hot Chocolate available  with milk substitutes of oat, skim or whole","dairy,drink,comfort_food","comfort_food, dairy, drink",Cafe,West Campus,Broadhead Center,7 am - 10 pm (mon - fri); 8 am - 10 pm (sat - sun),cafe,"Duke Cafe is a European inspired coffee shop that serves fresh pressed juices, exceptional coffee, hand-crafted crepes, sandwiches, little-bites, and scratch-made gelato.","european,coffee,juice,sandwiches,dessert,breakfast","Hot Chocolate. Available at Cafe (cafe cuisine) in Broadhead Center on West Campus campus. Hours: 7 am - 10 pm (mon - fri); 8 am - 10 pm (sat - sun). Served during: drink. Hot Chocolate available  with milk substitutes of oat, skim or whole. Item tags: comfort_food, dairy, drink. Venue tags: european,coffee,juice,sandwiches,dessert,breakfast. "
195,8,Hot Tea,drink,"Earl grey, english breakfast, jasmine, tumeric ginger","drink,caffeinated","caffeinated, drink",Cafe,West Campus,Broadhead Center,7 am - 10 pm (mon - fri); 8 am - 10 pm (sat - sun),cafe,"Duke Cafe is a European inspired coffee shop that serves fresh pressed juices, exceptional coffee, hand-crafted crepes, sandwiches, little-bites, and scratch-made gelato.","european,coffee,juice,sandwiches,dessert,breakfast","Hot Tea. Available at Cafe (cafe cuisine) in Broadhead Center on West Campus campus. Hours: 7 am - 10 pm (mon - fri); 8 am - 10 pm (sat - sun). Served during: drink. Earl grey, english breakfast, jasmine, tumeric ginger. Item tags: caffeinated, drink. Venue tags: european,coffee,juice,sandwiches,dessert,breakfast. "
196,8,Earl Grey Latte,drink,"Earl Grey Latte available Iced or Hot, with milk substitutes of oat, skim,soy, or whole","drink,caffeinated","caffeinated, drink",Cafe,West Campus,Broadhead Center,7 am - 10 pm (mon - fri); 8 am - 10 pm (sat - sun),cafe,"Duke Cafe is a European inspired coffee shop that serves fresh pressed juices, exceptional coffee, hand-crafted crepes, sandwiches, little-bites, and scratch-made gelato.","european,coffee,juice,sandwiches,dessert,breakfast","Earl Grey Latte. Available at Cafe (cafe cuisine) in Broadhead Center on West Campus campus. Hours: 7 am - 10 pm (mon - fri); 8 am - 10 pm (sat - sun). Served during: drink. Earl Grey Latte available Iced or Hot, with milk substitutes of oat, skim,soy, or whole. Item tags: caffeinated, drink. Venue tags: european,coffee,juice,sandwiches,dessert,breakfast. "
197,8,Chai Latte,drink,"Chai Latte available Iced or Hot, with milk substitutes of oat, skim,soy, or whole","drink,caffeinated","caffeinated, drink",Cafe,West Campus,Broadhead Center,7 am - 10 pm (mon - fri); 8 am - 10 pm (sat - sun),cafe,"Duke Cafe is a European inspired coffee shop that serves fresh pressed juices, exceptional coffee, hand-crafted crepes, sandwiches, little-bites, and scratch-made gelato.","european,coffee,juice,sandwiches,dessert,breakfast","Chai Latte. Available at Cafe (cafe cuisine) in Broadhead Center on West Campus campus. Hours: 7 am - 10 pm (mon - fri); 8 am - 10 pm (sat - sun). Served during: drink. Chai Latte available Iced or Hot, with milk substitutes of oat, skim,soy, or whole. Item tags: caffeinated, drink. Venue tags: european,coffee,juice,sandwiches,dessert,breakfast. "
198,8,Vietnamese Coffee,drink,"Vietnamese Coffee available Iced or Hot, with milk substitutes of oat, skim,soy, or whole","drink,caffeinated,dairy","caffeinated, dairy, drink",Cafe,West Campus,Broadhead Center,7 am - 10 pm (mon - fri); 8 am - 10 pm (sat - sun),cafe,"Duke Cafe is a European inspired coffee shop that serves fresh pressed juices, exceptional coffee, hand-crafted crepes, sandwiches, little-bites, and scratch-made gelato.","european,coffee,juice,sandwiches,dessert,breakfast","Vietnamese Coffee. Available at Cafe (cafe cuisine) in Broadhead Center on West Campus campus. Hours: 7 am - 10 pm (mon - fri); 8 am - 10 pm (sat - sun). Served during: drink. Vietnamese Coffee available Iced or Hot, with milk substitutes of oat, skim,soy, or whole. Item tags: caffeinated, dairy, drink. Venue tags: european,coffee,juice,sandwiches,dessert,breakfast. "
199,8,Apple Juice,drink,Apple Juice,"drink,vegetarian,vegan,healthy","drink, healthy, vegan, vegetarian",Cafe,West Campus,Broadhead Center,7 am - 10 pm (mon - fri); 8 am - 10 pm (sat - sun),cafe,"Duke Cafe is a European inspired coffee shop that serves fresh pressed juices, exceptional coffee, hand-crafted crepes, sandwiches, little-bites, and scratch-made gelato.","european,coffee,juice,sandwiches,dessert,breakfast","Apple Juice. Available at Cafe (cafe cuisine) in Broadhead Center on West Campus campus. Hours: 7 am - 10 pm (mon - fri); 8 am - 10 pm (sat - sun). Served during: drink. Apple Juice. Item tags: drink, healthy, vegan, vegetarian. Venue tags: european,coffee,juice,sandwiches,dessert,breakfast. "
200,8,Carrot Juice,drink,Carrot Juice,"vegetarian,vegan,healthy,drink,quick","drink, healthy, quick, vegan, vegetarian",Cafe,West Campus,Broadhead Center,7 am - 10 pm (mon - fri); 8 am - 10 pm (sat - sun),cafe,"Duke Cafe is a European inspired coffee shop that serves fresh pressed juices, exceptional coffee, hand-crafted crepes, sandwiches, little-bites, and scratch-made gelato.","european,coffee,juice,sandwiches,dessert,breakfast","Carrot Juice. Available at Cafe (cafe cuisine) in Broadhead Center on West Campus campus. Hours: 7 am - 10 pm (mon - fri); 8 am - 10 pm (sat - sun). Served during: drink. Carrot Juice. Item tags: drink, healthy, quick, vegan, vegetarian. Venue tags: european,coffee,juice,sandwiches,dessert,breakfast. "
201,8,Green Monster,drink,"kale, cucumber, celery, organic baby spinach, green apple","vegetarian,healthy,quick,drink","drink, healthy, quick, vegetarian",Cafe,West Campus,Broadhead Center,7 am - 10 pm (mon - fri); 8 am - 10 pm (sat - sun),cafe,"Duke Cafe is a European inspired coffee shop that serves fresh pressed juices, exceptional coffee, hand-crafted crepes, sandwiches, little-bites, and scratch-made gelato.","european,coffee,juice,sandwiches,dessert,breakfast","Green Monster. Available at Cafe (cafe cuisine) in Broadhead Center on West Campus campus. Hours: 7 am - 10 pm (mon - fri); 8 am - 10 pm (sat - sun). Served during: drink. kale, cucumber, celery, organic baby spinach, green apple. Item tags: drink, healthy, quick, vegetarian. Venue tags: european,coffee,juice,sandwiches,dessert,breakfast. "
202,8,Orange Juice,drink,Orange Juice,"drink,vegetarian,vegan,healthy,quick,breakfast","breakfast, drink, healthy, quick, vegan, vegetarian",Cafe,West Campus,Broadhead Center,7 am - 10 pm (mon - fri); 8 am - 10 pm (sat - sun),cafe,"Duke Cafe is a European inspired coffee shop that serves fresh pressed juices, exceptional coffee, hand-crafted crepes, sandwiches, little-bites, and scratch-made gelato.","european,coffee,juice,sandwiches,dessert,breakfast","Orange Juice. Available at Cafe (cafe cuisine) in Broadhead Center on West Campus campus. Hours: 7 am - 10 pm (mon - fri); 8 am - 10 pm (sat - sun). Served during: drink. Orange Juice. Item tags: breakfast, drink, healthy, quick, vegan, vegetarian. Venue tags: european,coffee,juice,sandwiches,dessert,breakfast. "
203,8,Mango Smoothie,drink,"mango, banana, orange juice, mango sorbet","vegan,healthy,drink,quick,snack,breakfast","breakfast, drink, healthy, quick, snack, vegan",Cafe,West Campus,Broadhead Center,7 am - 10 pm (mon - fri); 8 am - 10 pm (sat - sun),cafe,"Duke Cafe is a European inspired coffee shop that serves fresh pressed juices, exceptional coffee, hand-crafted crepes, sandwiches, little-bites, and scratch-made gelato.","european,coffee,juice,sandwiches,dessert,breakfast","Mango Smoothie. Available at Cafe (cafe cuisine) in Broadhead Center on West Campus campus. Hours: 7 am - 10 pm (mon - fri); 8 am - 10 pm (sat - sun). Served during: drink. mango, banana, orange juice, mango sorbet. Item tags: breakfast, drink, healthy, quick, snack, vegan. Venue tags: european,coffee,juice,sandwiches,dessert,breakfast. "
204,8,Strawberry Smoothie,drink,"strawberries, banana, orange juice, mixed berries, sorbet","vegan,healthy,drink,quick,snack,breakfast","breakfast, drink, healthy, quick, snack, vegan",Cafe,West Campus,Broadhead Center,7 am - 10 pm (mon - fri); 8 am - 10 pm (sat - sun),cafe,"Duke Cafe is a European inspired coffee shop that serves fresh pressed juices, exceptional coffee, hand-crafted crepes, sandwiches, little-bites, and scratch-made gelato.","european,coffee,juice,sandwiches,dessert,breakfast","Strawberry Smoothie. Available at Cafe (cafe cuisine) in Broadhead Center on West Campus campus. Hours: 7 am - 10 pm (mon - fri); 8 am - 10 pm (sat - sun). Served during: drink. strawberries, banana, orange juice, mixed berries, sorbet. Item tags: breakfast, drink, healthy, quick, snack, vegan. Venue tags: european,coffee,juice,sandwiches,dessert,breakfast. "
205,8,Apple and Brie crepe,"breakfast, dessert, lunch",Apple and Brie Crepe,"dairy,comfort_food,breakfast","breakfast, comfort_food, dairy",Cafe,West Campus,Broadhead Center,7 am - 10 pm (mon - fri); 8 am - 10 pm (sat - sun),cafe,"Duke Cafe is a European inspired coffee shop that serves fresh pressed juices, exceptional coffee, hand-crafted crepes, sandwiches, little-bites, and scratch-made gelato.","european,coffee,juice,sandwiches,dessert,breakfast","Apple and Brie crepe. Available at Cafe (cafe cuisine) in Broadhead Center on West Campus campus. Hours: 7 am - 10 pm (mon - fri); 8 am - 10 pm (sat - sun). Served during: breakfast, dessert, lunch. Apple and Brie Crepe. Item tags: breakfast, comfort_food, dairy. Venue tags: european,coffee,juice,sandwiches,dessert,breakfast. "
206,8,Cinnamon Sugar crepe,"breakfast, dessert, lunch",Cinnamon Sugar crepe,"dessert,sweet,snack","dessert, snack, sweet",Cafe,West Campus,Broadhead Center,7 am - 10 pm (mon - fri); 8 am - 10 pm (sat - sun),cafe,"Duke Cafe is a European inspired coffee shop that serves fresh pressed juices, exceptional coffee, hand-crafted crepes, sandwiches, little-bites, and scratch-made gelato.","european,coffee,juice,sandwiches,dessert,breakfast","Cinnamon Sugar crepe. Available at Cafe (cafe cuisine) in Broadhead Center on West Campus campus. Hours: 7 am - 10 pm (mon - fri); 8 am - 10 pm (sat - sun). Served during: breakfast, dessert, lunch. Cinnamon Sugar crepe. Item tags: dessert, snack, sweet. Venue tags: european,coffee,juice,sandwiches,dessert,breakfast. "
207,8,Chicken Pesto Crepe,"breakfast, dessert, lunch","Chicken, arugula, pesto, tomatoes, mozzarella, balsamic glaze","dinner,comfort_food,gluten","comfort_food, dinner, gluten",Cafe,West Campus,Broadhead Center,7 am - 10 pm (mon - fri); 8 am - 10 pm (sat - sun),cafe,"Duke Cafe is a European inspired coffee shop that serves fresh pressed juices, exceptional coffee, hand-crafted crepes, sandwiches, little-bites, and scratch-made gelato.","european,coffee,juice,sandwiches,dessert,breakfast","Chicken Pesto Crepe. Available at Cafe (cafe cuisine) in Broadhead Center on West Campus campus. Hours: 7 am - 10 pm (mon - fri); 8 am - 10 pm (sat - sun). Served during: breakfast, dessert, lunch. Chicken, arugula, pesto, tomatoes, mozzarella, balsamic glaze. Item tags: comfort_food, dinner, gluten. Venue tags: european,coffee,juice,sandwiches,dessert,breakfast. "
208,8,Chocolate Crepe,"breakfast, dessert, lunch",Chocolate Crepe,"dessert,comfort_food","comfort_food, dessert",Cafe,West Campus,Broadhead Center,7 am - 10 pm (mon - fri); 8 am - 10 pm (sat - sun),cafe,"Duke Cafe is a European inspired coffee shop that serves fresh pressed juices, exceptional coffee, hand-crafted crepes, sandwiches, little-bites, and scratch-made gelato.","european,coffee,juice,sandwiches,dessert,breakfast","Chocolate Crepe. Available at Cafe (cafe cuisine) in Broadhead Center on West Campus campus. Hours: 7 am - 10 pm (mon - fri); 8 am - 10 pm (sat - sun). Served during: breakfast, dessert, lunch. Chocolate Crepe. Item tags: comfort_food, dessert. Venue tags: european,coffee,juice,sandwiches,dessert,breakfast. "
209,8,Croque Monsieur Crepe,"breakfast, dessert, lunch","Black forest ham, swiss, dijonaise","dairy,comfort_food,lunch,dinner","comfort_food, dairy, dinner, lunch",Cafe,West Campus,Broadhead Center,7 am - 10 pm (mon - fri); 8 am - 10 pm (sat - sun),cafe,"Duke Cafe is a European inspired coffee shop that serves fresh pressed juices, exceptional coffee, hand-crafted crepes, sandwiches, little-bites, and scratch-made gelato.","european,coffee,juice,sandwiches,dessert,breakfast","Croque Monsieur Crepe. Available at Cafe (cafe cuisine) in Broadhead Center on West Campus campus. Hours: 7 am - 10 pm (mon - fri); 8 am - 10 pm (sat - sun). Served during: breakfast, dessert, lunch. Black forest ham, swiss, dijonaise. Item tags: comfort_food, dairy, dinner, lunch. Venue tags: european,coffee,juice,sandwiches,dessert,breakfast. "
210,8,Egg Florentine,"breakfast, dessert, lunch","egg, swiss cheese, roasted red pepper, organic baby spinach","breakfast,dairy,comfort_food","breakfast, comfort_food, dairy",Cafe,West Campus,Broadhead Center,7 am - 10 pm (mon - fri); 8 am - 10 pm (sat - sun),cafe,"Duke Cafe is a European inspired coffee shop that serves fresh pressed juices, exceptional coffee, hand-crafted crepes, sandwiches, little-bites, and scratch-made gelato.","european,coffee,juice,sandwiches,dessert,breakfast","Egg Florentine. Available at Cafe (cafe cuisine) in Broadhead Center on West Campus campus. Hours: 7 am - 10 pm (mon - fri); 8 am - 10 pm (sat - sun). Served during: breakfast, dessert, lunch. egg, swiss cheese, roasted red pepper, organic baby spinach. Item tags: breakfast, comfort_food, dairy. Venue tags: european,coffee,juice,sandwiches,dessert,breakfast. "
211,8,French Beef Sandwich,"lunch, dinner","beef, arugula, siwss cheese, caramelized onion, tomato","dinner,lunch,comfort_food","comfort_food, dinner, lunch",Cafe,West Campus,Broadhead Center,7 am - 10 pm (mon - fri); 8 am - 10 pm (sat - sun),cafe,"Duke Cafe is a European inspired coffee shop that serves fresh pressed juices, exceptional coffee, hand-crafted crepes, sandwiches, little-bites, and scratch-made gelato.","european,coffee,juice,sandwiches,dessert,breakfast","French Beef Sandwich. Available at Cafe (cafe cuisine) in Broadhead Center on West Campus campus. Hours: 7 am - 10 pm (mon - fri); 8 am - 10 pm (sat - sun). Served during: lunch, dinner. beef, arugula, siwss cheese, caramelized onion, tomato. Item tags: comfort_food, dinner, lunch. Venue tags: european,coffee,juice,sandwiches,dessert,breakfast. "
212,8,Egg n Cheese Croissant,"lunch, dinner",Egg n Cheese Croissant,"breakfast,dairy,comfort_food","breakfast, comfort_food, dairy",Cafe,West Campus,Broadhead Center,7 am - 10 pm (mon - fri); 8 am - 10 pm (sat - sun),cafe,"Duke Cafe is a European inspired coffee shop that serves fresh pressed juices, exceptional coffee, hand-crafted crepes, sandwiches, little-bites, and scratch-made gelato.","european,coffee,juice,sandwiches,dessert,breakfast","Egg n Cheese Croissant. Available at Cafe (cafe cuisine) in Broadhead Center on West Campus campus. Hours: 7 am - 10 pm (mon - fri); 8 am - 10 pm (sat - sun). Served during: lunch, dinner. Egg n Cheese Croissant. Item tags: breakfast, comfort_food, dairy. Venue tags: european,coffee,juice,sandwiches,dessert,breakfast. "
213,8,Chicken Parmesan Sandwich,"lunch, dinner","Chicken, mozzarella, marinara, basil","dinner,comfort_food,gluten","comfort_food, dinner, gluten",Cafe,West Campus,Broadhead Center,7 am - 10 pm (mon - fri); 8 am - 10 pm (sat - sun),cafe,"Duke Cafe is a European inspired coffee shop that serves fresh pressed juices, exceptional coffee, hand-crafted crepes, sandwiches, little-bites, and scratch-made gelato.","european,coffee,juice,sandwiches,dessert,breakfast","Chicken Parmesan Sandwich. Available at Cafe (cafe cuisine) in Broadhead Center on West Campus campus. Hours: 7 am - 10 pm (mon - fri); 8 am - 10 pm (sat - sun). Served during: lunch, dinner. Chicken, mozzarella, marinara, basil. Item tags: comfort_food, dinner, gluten. Venue tags: european,coffee,juice,sandwiches,dessert,breakfast. "
214,8,Toscano Sandwich,"lunch, dinner","Mortadella salami, mozzarella cheese, tomato, basil, red wine vinegar","lunch,dinner,comfort_food","comfort_food, dinner, lunch",Cafe,West Campus,Broadhead Center,7 am - 10 pm (mon - fri); 8 am - 10 pm (sat - sun),cafe,"Duke Cafe is a European inspired coffee shop that serves fresh pressed juices, exceptional coffee, hand-crafted crepes, sandwiches, little-bites, and scratch-made gelato.","european,coffee,juice,sandwiches,dessert,breakfast","Toscano Sandwich. Available at Cafe (cafe cuisine) in Broadhead Center on West Campus campus. Hours: 7 am - 10 pm (mon - fri); 8 am - 10 pm (sat - sun). Served during: lunch, dinner. Mortadella salami, mozzarella cheese, tomato, basil, red wine vinegar. Item tags: comfort_food, dinner, lunch. Venue tags: european,coffee,juice,sandwiches,dessert,breakfast. "
215,8,Crispy Chicken and Pimento Cheese Sandwich,"lunch, dinner","Chicken tenders, pimento cheese, pickles, arugula, garlic","comfort_food,lunch,dinner,fried","comfort_food, dinner, fried, lunch",Cafe,West Campus,Broadhead Center,7 am - 10 pm (mon - fri); 8 am - 10 pm (sat - sun),cafe,"Duke Cafe is a European inspired coffee shop that serves fresh pressed juices, exceptional coffee, hand-crafted crepes, sandwiches, little-bites, and scratch-made gelato.","european,coffee,juice,sandwiches,dessert,breakfast","Crispy Chicken and Pimento Cheese Sandwich. Available at Cafe (cafe cuisine) in Broadhead Center on West Campus campus. Hours: 7 am - 10 pm (mon - fri); 8 am - 10 pm (sat - sun). Served during: lunch, dinner. Chicken tenders, pimento cheese, pickles, arugula, garlic. Item tags: comfort_food, dinner, fried, lunch. Venue tags: european,coffee,juice,sandwiches,dessert,breakfast. "
216,8,Egg bites,"breakfast, snack","Egg bites with bacon, swiss and arugula","breakfast,dairy,comfort_food","breakfast, comfort_food, dairy",Cafe,West Campus,Broadhead Center,7 am - 10 pm (mon - fri); 8 am - 10 pm (sat - sun),cafe,"Duke Cafe is a European inspired coffee shop that serves fresh pressed juices, exceptional coffee, hand-crafted crepes, sandwiches, little-bites, and scratch-made gelato.","european,coffee,juice,sandwiches,dessert,breakfast","Egg bites. Available at Cafe (cafe cuisine) in Broadhead Center on West Campus campus. Hours: 7 am - 10 pm (mon - fri); 8 am - 10 pm (sat - sun). Served during: breakfast, snack. Egg bites with bacon, swiss and arugula. Item tags: breakfast, comfort_food, dairy. Venue tags: european,coffee,juice,sandwiches,dessert,breakfast. "
217,8,Egg & Cheese bagel,"breakfast, lunch",Egg  and cheese bagel,"breakfast,dairy,comfort_food","breakfast, comfort_food, dairy",Cafe,West Campus,Broadhead Center,7 am - 10 pm (mon - fri); 8 am - 10 pm (sat - sun),cafe,"Duke Cafe is a European inspired coffee shop that serves fresh pressed juices, exceptional coffee, hand-crafted crepes, sandwiches, little-bites, and scratch-made gelato.","european,coffee,juice,sandwiches,dessert,breakfast","Egg & Cheese bagel. Available at Cafe (cafe cuisine) in Broadhead Center on West Campus campus. Hours: 7 am - 10 pm (mon - fri); 8 am - 10 pm (sat - sun). Served during: breakfast, lunch. Egg  and cheese bagel. Item tags: breakfast, comfort_food, dairy. Venue tags: european,coffee,juice,sandwiches,dessert,breakfast. "
218,8,"Bacon, Egg, and Cheese Croissant","breakfast, lunch","Bacon, Egg, and Cheese Croissant","breakfast,dairy,comfort_food","breakfast, comfort_food, dairy",Cafe,West Campus,Broadhead Center,7 am - 10 pm (mon - fri); 8 am - 10 pm (sat - sun),cafe,"Duke Cafe is a European inspired coffee shop that serves fresh pressed juices, exceptional coffee, hand-crafted crepes, sandwiches, little-bites, and scratch-made gelato.","european,coffee,juice,sandwiches,dessert,breakfast","Bacon, Egg, and Cheese Croissant. Available at Cafe (cafe cuisine) in Broadhead Center on West Campus campus. Hours: 7 am - 10 pm (mon - fri); 8 am - 10 pm (sat - sun). Served during: breakfast, lunch. Bacon, Egg, and Cheese Croissant. Item tags: breakfast, comfort_food, dairy. Venue tags: european,coffee,juice,sandwiches,dessert,breakfast. "
219,8,Chocolate Chip Scone,"breakfast, snack, dessert",Chocolate Chip Scone,"breakfast,dessert,comfort_food","breakfast, comfort_food, dessert",Cafe,West Campus,Broadhead Center,7 am - 10 pm (mon - fri); 8 am - 10 pm (sat - sun),cafe,"Duke Cafe is a European inspired coffee shop that serves fresh pressed juices, exceptional coffee, hand-crafted crepes, sandwiches, little-bites, and scratch-made gelato.","european,coffee,juice,sandwiches,dessert,breakfast","Chocolate Chip Scone. Available at Cafe (cafe cuisine) in Broadhead Center on West Campus campus. Hours: 7 am - 10 pm (mon - fri); 8 am - 10 pm (sat - sun). Served during: breakfast, snack, dessert. Chocolate Chip Scone. Item tags: breakfast, comfort_food, dessert. Venue tags: european,coffee,juice,sandwiches,dessert,breakfast. "
220,8,Muffin,"breakfast, snack, dessert","Blueberry, chocolate chip, coffee cake, or pumpkin muffin","breakfast,comfort_food","breakfast, comfort_food",Cafe,West Campus,Broadhead Center,7 am - 10 pm (mon - fri); 8 am - 10 pm (sat - sun),cafe,"Duke Cafe is a European inspired coffee shop that serves fresh pressed juices, exceptional coffee, hand-crafted crepes, sandwiches, little-bites, and scratch-made gelato.","european,coffee,juice,sandwiches,dessert,breakfast","Muffin. Available at Cafe (cafe cuisine) in Broadhead Center on West Campus campus. Hours: 7 am - 10 pm (mon - fri); 8 am - 10 pm (sat - sun). Served during: breakfast, snack, dessert. Blueberry, chocolate chip, coffee cake, or pumpkin muffin. Item tags: breakfast, comfort_food. Venue tags: european,coffee,juice,sandwiches,dessert,breakfast. "
221,8,Crumb Cake,"breakfast, snack, dessert",Crumb Cake,"breakfast,dessert,comfort_food","breakfast, comfort_food, dessert",Cafe,West Campus,Broadhead Center,7 am - 10 pm (mon - fri); 8 am - 10 pm (sat - sun),cafe,"Duke Cafe is a European inspired coffee shop that serves fresh pressed juices, exceptional coffee, hand-crafted crepes, sandwiches, little-bites, and scratch-made gelato.","european,coffee,juice,sandwiches,dessert,breakfast","Crumb Cake. Available at Cafe (cafe cuisine) in Broadhead Center on West Campus campus. Hours: 7 am - 10 pm (mon - fri); 8 am - 10 pm (sat - sun). Served during: breakfast, snack, dessert. Crumb Cake. Item tags: breakfast, comfort_food, dessert. Venue tags: european,coffee,juice,sandwiches,dessert,breakfast. "
222,8,Broccoli Quiche Slice,"breakfast, snack",Broccoli Quiche Slice,"vegetarian,comfort_food,breakfast,lunch,dinner,healthy","breakfast, comfort_food, dinner, healthy, lunch, vegetarian",Cafe,West Campus,Broadhead Center,7 am - 10 pm (mon - fri); 8 am - 10 pm (sat - sun),cafe,"Duke Cafe is a European inspired coffee shop that serves fresh pressed juices, exceptional coffee, hand-crafted crepes, sandwiches, little-bites, and scratch-made gelato.","european,coffee,juice,sandwiches,dessert,breakfast","Broccoli Quiche Slice. Available at Cafe (cafe cuisine) in Broadhead Center on West Campus campus. Hours: 7 am - 10 pm (mon - fri); 8 am - 10 pm (sat - sun). Served during: breakfast, snack. Broccoli Quiche Slice. Item tags: breakfast, comfort_food, dinner, healthy, lunch, vegetarian. Venue tags: european,coffee,juice,sandwiches,dessert,breakfast. "
223,8,Pumpkin Sweet Bread,"breakfast, snack, dessert",Pumpkin Sweet Bread,"breakfast,comfort_food","breakfast, comfort_food",Cafe,West Campus,Broadhead Center,7 am - 10 pm (mon - fri); 8 am - 10 pm (sat - sun),cafe,"Duke Cafe is a European inspired coffee shop that serves fresh pressed juices, exceptional coffee, hand-crafted crepes, sandwiches, little-bites, and scratch-made gelato.","european,coffee,juice,sandwiches,dessert,breakfast","Pumpkin Sweet Bread. Available at Cafe (cafe cuisine) in Broadhead Center on West Campus campus. Hours: 7 am - 10 pm (mon - fri); 8 am - 10 pm (sat - sun). Served during: breakfast, snack, dessert. Pumpkin Sweet Bread. Item tags: breakfast, comfort_food. Venue tags: european,coffee,juice,sandwiches,dessert,breakfast. "
224,8,Quiche Lorraine Slice,"breakfast, snack",Quiche Lorraine Slice,"breakfast,dinner,comfort_food","breakfast, comfort_food, dinner",Cafe,West Campus,Broadhead Center,7 am - 10 pm (mon - fri); 8 am - 10 pm (sat - sun),cafe,"Duke Cafe is a European inspired coffee shop that serves fresh pressed juices, exceptional coffee, hand-crafted crepes, sandwiches, little-bites, and scratch-made gelato.","european,coffee,juice,sandwiches,dessert,breakfast","Quiche Lorraine Slice. Available at Cafe (cafe cuisine) in Broadhead Center on West Campus campus. Hours: 7 am - 10 pm (mon - fri); 8 am - 10 pm (sat - sun). Served during: breakfast, snack. Quiche Lorraine Slice. Item tags: breakfast, comfort_food, dinner. Venue tags: european,coffee,juice,sandwiches,dessert,breakfast. "
225,8,Blueberry Scone,"breakfast, snack, dessert",Blueberry Scone,"breakfast,dessert,comfort_food","breakfast, comfort_food, dessert",Cafe,West Campus,Broadhead Center,7 am - 10 pm (mon - fri); 8 am - 10 pm (sat - sun),cafe,"Duke Cafe is a European inspired coffee shop that serves fresh pressed juices, exceptional coffee, hand-crafted crepes, sandwiches, little-bites, and scratch-made gelato.","european,coffee,juice,sandwiches,dessert,breakfast","Blueberry Scone. Available at Cafe (cafe cuisine) in Broadhead Center on West Campus campus. Hours: 7 am - 10 pm (mon - fri); 8 am - 10 pm (sat - sun). Served during: breakfast, snack, dessert. Blueberry Scone. Item tags: breakfast, comfort_food, dessert. Venue tags: european,coffee,juice,sandwiches,dessert,breakfast. "
226,8,Slice of Cake,"snack, dessert",Death by Chocolate or Tiramisu cake,"dessert,comfort_food","comfort_food, dessert",Cafe,West Campus,Broadhead Center,7 am - 10 pm (mon - fri); 8 am - 10 pm (sat - sun),cafe,"Duke Cafe is a European inspired coffee shop that serves fresh pressed juices, exceptional coffee, hand-crafted crepes, sandwiches, little-bites, and scratch-made gelato.","european,coffee,juice,sandwiches,dessert,breakfast","Slice of Cake. Available at Cafe (cafe cuisine) in Broadhead Center on West Campus campus. Hours: 7 am - 10 pm (mon - fri); 8 am - 10 pm (sat - sun). Served during: snack, dessert. Death by Chocolate or Tiramisu cake. Item tags: comfort_food, dessert. Venue tags: european,coffee,juice,sandwiches,dessert,breakfast. "
227,8,Dessert Bar,"snack, dessert",Cheescake brownie or lemon bar,"dessert,dairy","dairy, dessert",Cafe,West Campus,Broadhead Center,7 am - 10 pm (mon - fri); 8 am - 10 pm (sat - sun),cafe,"Duke Cafe is a European inspired coffee shop that serves fresh pressed juices, exceptional coffee, hand-crafted crepes, sandwiches, little-bites, and scratch-made gelato.","european,coffee,juice,sandwiches,dessert,breakfast","Dessert Bar. Available at Cafe (cafe cuisine) in Broadhead Center on West Campus campus. Hours: 7 am - 10 pm (mon - fri); 8 am - 10 pm (sat - sun). Served during: snack, dessert. Cheescake brownie or lemon bar. Item tags: dairy, dessert. Venue tags: european,coffee,juice,sandwiches,dessert,breakfast. "
228,8,Cookie,"snack, dessert","Black & White, Chocolate Chip, Oatmeal Raisin, Shortdough Specialty","dessert,snack","dessert, snack",Cafe,West Campus,Broadhead Center,7 am - 10 pm (mon - fri); 8 am - 10 pm (sat - sun),cafe,"Duke Cafe is a European inspired coffee shop that serves fresh pressed juices, exceptional coffee, hand-crafted crepes, sandwiches, little-bites, and scratch-made gelato.","european,coffee,juice,sandwiches,dessert,breakfast","Cookie. Available at Cafe (cafe cuisine) in Broadhead Center on West Campus campus. Hours: 7 am - 10 pm (mon - fri); 8 am - 10 pm (sat - sun). Served during: snack, dessert. Black & White, Chocolate Chip, Oatmeal Raisin, Shortdough Specialty. Item tags: dessert, snack. Venue tags: european,coffee,juice,sandwiches,dessert,breakfast. "
229,8,Cupcake,"snack, dessert","Chocolate, Cookies & Cream, Strawberry Lemonade, Vanilla","dessert,comfort_food","comfort_food, dessert",Cafe,West Campus,Broadhead Center,7 am - 10 pm (mon - fri); 8 am - 10 pm (sat - sun),cafe,"Duke Cafe is a European inspired coffee shop that serves fresh pressed juices, exceptional coffee, hand-crafted crepes, sandwiches, little-bites, and scratch-made gelato.","european,coffee,juice,sandwiches,dessert,breakfast","Cupcake. Available at Cafe (cafe cuisine) in Broadhead Center on West Campus campus. Hours: 7 am - 10 pm (mon - fri); 8 am - 10 pm (sat - sun). Served during: snack, dessert. Chocolate, Cookies & Cream, Strawberry Lemonade, Vanilla. Item tags: comfort_food, dessert. Venue tags: european,coffee,juice,sandwiches,dessert,breakfast. "
230,8,Sweet Bread,"snack, dessert",Sweet Bread,"breakfast,comfort_food","breakfast, comfort_food",Cafe,West Campus,Broadhead Center,7 am - 10 pm (mon - fri); 8 am - 10 pm (sat - sun),cafe,"Duke Cafe is a European inspired coffee shop that serves fresh pressed juices, exceptional coffee, hand-crafted crepes, sandwiches, little-bites, and scratch-made gelato.","european,coffee,juice,sandwiches,dessert,breakfast","Sweet Bread. Available at Cafe (cafe cuisine) in Broadhead Center on West Campus campus. Hours: 7 am - 10 pm (mon - fri); 8 am - 10 pm (sat - sun). Served during: snack, dessert. Sweet Bread. Item tags: breakfast, comfort_food. Venue tags: european,coffee,juice,sandwiches,dessert,breakfast. "
231,8,Gelato,"snack, dessert","Flavor Options: Cappucino, Chocolate, Dulce de Leche, Lemon, Mango, Mint Chocolate Chip, Mixed Berry, Salted Caramel, Vanilla","dessert,dairy","dairy, dessert",Cafe,West Campus,Broadhead Center,7 am - 10 pm (mon - fri); 8 am - 10 pm (sat - sun),cafe,"Duke Cafe is a European inspired coffee shop that serves fresh pressed juices, exceptional coffee, hand-crafted crepes, sandwiches, little-bites, and scratch-made gelato.","european,coffee,juice,sandwiches,dessert,breakfast","Gelato. Available at Cafe (cafe cuisine) in Broadhead Center on West Campus campus. Hours: 7 am - 10 pm (mon - fri); 8 am - 10 pm (sat - sun). Served during: snack, dessert. Flavor Options: Cappucino, Chocolate, Dulce de Leche, Lemon, Mango, Mint Chocolate Chip, Mixed Berry, Salted Caramel, Vanilla. Item tags: dairy, dessert. Venue tags: european,coffee,juice,sandwiches,dessert,breakfast. "
232,9,Falafel Pita Pocket,"lunch, dinner","Falafel, tahini, pita, lettuce, tomato, red onion","vegetarian,lunch,healthy","healthy, lunch, vegetarian",Sprout,West Campus,Broadhead Center,8 am - 10:30 am (mon - fri); 11 am - 9 pm (mon - sun),healthy,Sprout will be sure to please any palate with vegetables ruling the tastes at this 100% vegan-inspired venue!,"vegan,vegetarian,healthy,vegetables,lunch,dinner","Falafel Pita Pocket. Available at Sprout (healthy cuisine) in Broadhead Center on West Campus campus. Hours: 8 am - 10:30 am (mon - fri); 11 am - 9 pm (mon - sun). Served during: lunch, dinner. Falafel, tahini, pita, lettuce, tomato, red onion. Item tags: healthy, lunch, vegetarian. Venue tags: vegan,vegetarian,healthy,vegetables,lunch,dinner. "
233,9,Yogurt Bar,breakfast,"Options of soy yogurt, strawberry soy yogurt, or vanilla soy yogurt","vegan,vegetarian,healthy,snack,dessert","dessert, healthy, snack, vegan, vegetarian",Sprout,West Campus,Broadhead Center,8 am - 10:30 am (mon - fri); 11 am - 9 pm (mon - sun),healthy,Sprout will be sure to please any palate with vegetables ruling the tastes at this 100% vegan-inspired venue!,"vegan,vegetarian,healthy,vegetables,lunch,dinner","Yogurt Bar. Available at Sprout (healthy cuisine) in Broadhead Center on West Campus campus. Hours: 8 am - 10:30 am (mon - fri); 11 am - 9 pm (mon - sun). Served during: breakfast. Options of soy yogurt, strawberry soy yogurt, or vanilla soy yogurt. Item tags: dessert, healthy, snack, vegan, vegetarian. Venue tags: vegan,vegetarian,healthy,vegetables,lunch,dinner. "
234,9,Oatmeal Bar,breakfast,oatmeal,"breakfast,vegetarian,healthy","breakfast, healthy, vegetarian",Sprout,West Campus,Broadhead Center,8 am - 10:30 am (mon - fri); 11 am - 9 pm (mon - sun),healthy,Sprout will be sure to please any palate with vegetables ruling the tastes at this 100% vegan-inspired venue!,"vegan,vegetarian,healthy,vegetables,lunch,dinner","Oatmeal Bar. Available at Sprout (healthy cuisine) in Broadhead Center on West Campus campus. Hours: 8 am - 10:30 am (mon - fri); 11 am - 9 pm (mon - sun). Served during: breakfast. oatmeal. Item tags: breakfast, healthy, vegetarian. Venue tags: vegan,vegetarian,healthy,vegetables,lunch,dinner. "
235,9,Yogurt and Oatmeal Bar Topppings,breakfast,"Topping choices of brown sugar, dried apricot, dried cranberries, blueberries, cantaloupe, grapes, pineapple, strawberries, granola, oranges, peaches","vegetarian,healthy,breakfast,snack","breakfast, healthy, snack, vegetarian",Sprout,West Campus,Broadhead Center,8 am - 10:30 am (mon - fri); 11 am - 9 pm (mon - sun),healthy,Sprout will be sure to please any palate with vegetables ruling the tastes at this 100% vegan-inspired venue!,"vegan,vegetarian,healthy,vegetables,lunch,dinner","Yogurt and Oatmeal Bar Topppings. Available at Sprout (healthy cuisine) in Broadhead Center on West Campus campus. Hours: 8 am - 10:30 am (mon - fri); 11 am - 9 pm (mon - sun). Served during: breakfast. Topping choices of brown sugar, dried apricot, dried cranberries, blueberries, cantaloupe, grapes, pineapple, strawberries, granola, oranges, peaches. Item tags: breakfast, healthy, snack, vegetarian. Venue tags: vegan,vegetarian,healthy,vegetables,lunch,dinner. "
236,9,Spicy Cauliflower Wrap,"lunch, dinner","spicy cauliflower, cucumber, pickled onion, lettuce, tomato, hot sauce, tahini","vegetarian,spicy,lunch,quick,healthy","healthy, lunch, quick, spicy, vegetarian",Sprout,West Campus,Broadhead Center,8 am - 10:30 am (mon - fri); 11 am - 9 pm (mon - sun),healthy,Sprout will be sure to please any palate with vegetables ruling the tastes at this 100% vegan-inspired venue!,"vegan,vegetarian,healthy,vegetables,lunch,dinner","Spicy Cauliflower Wrap. Available at Sprout (healthy cuisine) in Broadhead Center on West Campus campus. Hours: 8 am - 10:30 am (mon - fri); 11 am - 9 pm (mon - sun). Served during: lunch, dinner. spicy cauliflower, cucumber, pickled onion, lettuce, tomato, hot sauce, tahini. Item tags: healthy, lunch, quick, spicy, vegetarian. Venue tags: vegan,vegetarian,healthy,vegetables,lunch,dinner. "
237,9,Falafel Wrap,"lunch, dinner","falafel, slad mix, tahini, tomato, banana pepper","lunch,vegetarian,quick,healthy","healthy, lunch, quick, vegetarian",Sprout,West Campus,Broadhead Center,8 am - 10:30 am (mon - fri); 11 am - 9 pm (mon - sun),healthy,Sprout will be sure to please any palate with vegetables ruling the tastes at this 100% vegan-inspired venue!,"vegan,vegetarian,healthy,vegetables,lunch,dinner","Falafel Wrap. Available at Sprout (healthy cuisine) in Broadhead Center on West Campus campus. Hours: 8 am - 10:30 am (mon - fri); 11 am - 9 pm (mon - sun). Served during: lunch, dinner. falafel, slad mix, tahini, tomato, banana pepper. Item tags: healthy, lunch, quick, vegetarian. Venue tags: vegan,vegetarian,healthy,vegetables,lunch,dinner. "
238,9,Black Bean Burger,"lunch, dinner","Black Bean Burger, tomato, spicy mayo, hot texas bete, salad mix, pickles","vegetarian,high_protein,lunch,dinner,spicy","dinner, high_protein, lunch, spicy, vegetarian",Sprout,West Campus,Broadhead Center,8 am - 10:30 am (mon - fri); 11 am - 9 pm (mon - sun),healthy,Sprout will be sure to please any palate with vegetables ruling the tastes at this 100% vegan-inspired venue!,"vegan,vegetarian,healthy,vegetables,lunch,dinner","Black Bean Burger. Available at Sprout (healthy cuisine) in Broadhead Center on West Campus campus. Hours: 8 am - 10:30 am (mon - fri); 11 am - 9 pm (mon - sun). Served during: lunch, dinner. Black Bean Burger, tomato, spicy mayo, hot texas bete, salad mix, pickles. Item tags: dinner, high_protein, lunch, spicy, vegetarian. Venue tags: vegan,vegetarian,healthy,vegetables,lunch,dinner. "
239,9,Avocado Toast,"breakfast, lunch","Avocado Toast with arugula, balsamic dressing, green onions, sliced tomatoes","vegetarian,healthy,quick,breakfast,lunch,snack","breakfast, healthy, lunch, quick, snack, vegetarian",Sprout,West Campus,Broadhead Center,8 am - 10:30 am (mon - fri); 11 am - 9 pm (mon - sun),healthy,Sprout will be sure to please any palate with vegetables ruling the tastes at this 100% vegan-inspired venue!,"vegan,vegetarian,healthy,vegetables,lunch,dinner","Avocado Toast. Available at Sprout (healthy cuisine) in Broadhead Center on West Campus campus. Hours: 8 am - 10:30 am (mon - fri); 11 am - 9 pm (mon - sun). Served during: breakfast, lunch. Avocado Toast with arugula, balsamic dressing, green onions, sliced tomatoes. Item tags: breakfast, healthy, lunch, quick, snack, vegetarian. Venue tags: vegan,vegetarian,healthy,vegetables,lunch,dinner. "
240,9,3 Composed Salad,"lunch, dinner","pick 3: Kale salad, sweet potato, chick pea, grape leafs, hummus with pita, spicy hummus with pita, orzo, quinoa","vegetarian,healthy,lunch","healthy, lunch, vegetarian",Sprout,West Campus,Broadhead Center,8 am - 10:30 am (mon - fri); 11 am - 9 pm (mon - sun),healthy,Sprout will be sure to please any palate with vegetables ruling the tastes at this 100% vegan-inspired venue!,"vegan,vegetarian,healthy,vegetables,lunch,dinner","3 Composed Salad. Available at Sprout (healthy cuisine) in Broadhead Center on West Campus campus. Hours: 8 am - 10:30 am (mon - fri); 11 am - 9 pm (mon - sun). Served during: lunch, dinner. pick 3: Kale salad, sweet potato, chick pea, grape leafs, hummus with pita, spicy hummus with pita, orzo, quinoa. Item tags: healthy, lunch, vegetarian. Venue tags: vegan,vegetarian,healthy,vegetables,lunch,dinner. "
241,9,Plant Based Chicken Nuggets,"lunch, dinner",Plant based chicken nuggets with bbq or honey mustard and choice of two sides,"vegetarian,quick,comfort_food","comfort_food, quick, vegetarian",Sprout,West Campus,Broadhead Center,8 am - 10:30 am (mon - fri); 11 am - 9 pm (mon - sun),healthy,Sprout will be sure to please any palate with vegetables ruling the tastes at this 100% vegan-inspired venue!,"vegan,vegetarian,healthy,vegetables,lunch,dinner","Plant Based Chicken Nuggets. Available at Sprout (healthy cuisine) in Broadhead Center on West Campus campus. Hours: 8 am - 10:30 am (mon - fri); 11 am - 9 pm (mon - sun). Served during: lunch, dinner. Plant based chicken nuggets with bbq or honey mustard and choice of two sides. Item tags: comfort_food, quick, vegetarian. Venue tags: vegan,vegetarian,healthy,vegetables,lunch,dinner. "
242,9,Chickpea Stew,"lunch, dinner","Chickpeas, zuchini, squash, carrots, onion, with choice of two sides","vegetarian,healthy,dinner","dinner, healthy, vegetarian",Sprout,West Campus,Broadhead Center,8 am - 10:30 am (mon - fri); 11 am - 9 pm (mon - sun),healthy,Sprout will be sure to please any palate with vegetables ruling the tastes at this 100% vegan-inspired venue!,"vegan,vegetarian,healthy,vegetables,lunch,dinner","Chickpea Stew. Available at Sprout (healthy cuisine) in Broadhead Center on West Campus campus. Hours: 8 am - 10:30 am (mon - fri); 11 am - 9 pm (mon - sun). Served during: lunch, dinner. Chickpeas, zuchini, squash, carrots, onion, with choice of two sides. Item tags: dinner, healthy, vegetarian. Venue tags: vegan,vegetarian,healthy,vegetables,lunch,dinner. "
243,9,Sides,"lunch, dinner","Options of brown rice, white rice, cauliflower, brussel sprouts, chickpeas salad, cilantro hummus with pita, green beans, kale salad, mac and cheese, roasted vegetables, orzo salad, quinoa salad, roasted potato, hummus spicy with pita, stuffed grape leaves, roasted sweet potatoes, sweet potato, beet salad, cauliflower salad, grape leafs, mixed vegetables, spicy hummus with pita, sweet potato salad, potato au gratin","vegetarian,healthy,dinner,lunch","dinner, healthy, lunch, vegetarian",Sprout,West Campus,Broadhead Center,8 am - 10:30 am (mon - fri); 11 am - 9 pm (mon - sun),healthy,Sprout will be sure to please any palate with vegetables ruling the tastes at this 100% vegan-inspired venue!,"vegan,vegetarian,healthy,vegetables,lunch,dinner","Sides. Available at Sprout (healthy cuisine) in Broadhead Center on West Campus campus. Hours: 8 am - 10:30 am (mon - fri); 11 am - 9 pm (mon - sun). Served during: lunch, dinner. Options of brown rice, white rice, cauliflower, brussel sprouts, chickpeas salad, cilantro hummus with pita, green beans, kale salad, mac and cheese, roasted vegetables, orzo salad, quinoa salad, roasted potato, hummus spicy with pita, stuffed grape leaves, roasted sweet potatoes, sweet potato, beet salad, cauliflower salad, grape leafs, mixed vegetables, spicy hummus with pita, sweet potato salad, potato au gratin. Item tags: dinner, healthy, lunch, vegetarian. Venue tags: vegan,vegetarian,healthy,vegetables,lunch,dinner. "
244,10,Non vegetarian combo,"lunch, dinner","served with 1 protein, 1 vegetable, 1 samosa, rice and naan","dinner,lunch,comfort_food","comfort_food, dinner, lunch",Tandoor,West Campus,Broadhead Center,11 am - 9 pm (mon - sun),indian,"Looking for authentic Indian food? Your search ends at the Brodhead Center where Tandoor has the enticing flavors you crave. Meats, breads and vegetables cooked in real tandoor ovens. This diverse menu features traditional recipes as well as fresh, modern takes on classic Indian meals.","indian,spicy,lunch,dinner,flavorful","Non vegetarian combo. Available at Tandoor (indian cuisine) in Broadhead Center on West Campus campus. Hours: 11 am - 9 pm (mon - sun). Served during: lunch, dinner. served with 1 protein, 1 vegetable, 1 samosa, rice and naan. Item tags: comfort_food, dinner, lunch. Venue tags: indian,spicy,lunch,dinner,flavorful. "
245,10,Protein Options,"lunch, dinner","Options of Beef Aloo, Chicken 65, Chicken Malabar, Chicken Tikka Masala, Fisk Pakoda, Meatball Manchurin","high_protein,dinner,lunch","dinner, high_protein, lunch",Tandoor,West Campus,Broadhead Center,11 am - 9 pm (mon - sun),indian,"Looking for authentic Indian food? Your search ends at the Brodhead Center where Tandoor has the enticing flavors you crave. Meats, breads and vegetables cooked in real tandoor ovens. This diverse menu features traditional recipes as well as fresh, modern takes on classic Indian meals.","indian,spicy,lunch,dinner,flavorful","Protein Options. Available at Tandoor (indian cuisine) in Broadhead Center on West Campus campus. Hours: 11 am - 9 pm (mon - sun). Served during: lunch, dinner. Options of Beef Aloo, Chicken 65, Chicken Malabar, Chicken Tikka Masala, Fisk Pakoda, Meatball Manchurin. Item tags: dinner, high_protein, lunch. Venue tags: indian,spicy,lunch,dinner,flavorful. "
246,10,Vegetable Options,"lunch, dinner","Options of Beetroot Thoren, Cabbage Poriyal, Chana Masala, Egg Curry, Mix Vegetable, Paneer Mutter, Saag, Tofu Manchurian","vegetarian,healthy,lunch,dinner","dinner, healthy, lunch, vegetarian",Tandoor,West Campus,Broadhead Center,11 am - 9 pm (mon - sun),indian,"Looking for authentic Indian food? Your search ends at the Brodhead Center where Tandoor has the enticing flavors you crave. Meats, breads and vegetables cooked in real tandoor ovens. This diverse menu features traditional recipes as well as fresh, modern takes on classic Indian meals.","indian,spicy,lunch,dinner,flavorful","Vegetable Options. Available at Tandoor (indian cuisine) in Broadhead Center on West Campus campus. Hours: 11 am - 9 pm (mon - sun). Served during: lunch, dinner. Options of Beetroot Thoren, Cabbage Poriyal, Chana Masala, Egg Curry, Mix Vegetable, Paneer Mutter, Saag, Tofu Manchurian. Item tags: dinner, healthy, lunch, vegetarian. Venue tags: indian,spicy,lunch,dinner,flavorful. "
247,10,Vegetarian Combo,"lunch, dinner","served with 3 vegetables, rice and naan","vegetarian,dinner,healthy","dinner, healthy, vegetarian",Tandoor,West Campus,Broadhead Center,11 am - 9 pm (mon - sun),indian,"Looking for authentic Indian food? Your search ends at the Brodhead Center where Tandoor has the enticing flavors you crave. Meats, breads and vegetables cooked in real tandoor ovens. This diverse menu features traditional recipes as well as fresh, modern takes on classic Indian meals.","indian,spicy,lunch,dinner,flavorful","Vegetarian Combo. Available at Tandoor (indian cuisine) in Broadhead Center on West Campus campus. Hours: 11 am - 9 pm (mon - sun). Served during: lunch, dinner. served with 3 vegetables, rice and naan. Item tags: dinner, healthy, vegetarian. Venue tags: indian,spicy,lunch,dinner,flavorful. "
248,10,Specialty vegetarian combo,"lunch, dinner","served with 2 vegetables, 1 samosa, rice and naan","vegetarian,dinner,comfort_food","comfort_food, dinner, vegetarian",Tandoor,West Campus,Broadhead Center,11 am - 9 pm (mon - sun),indian,"Looking for authentic Indian food? Your search ends at the Brodhead Center where Tandoor has the enticing flavors you crave. Meats, breads and vegetables cooked in real tandoor ovens. This diverse menu features traditional recipes as well as fresh, modern takes on classic Indian meals.","indian,spicy,lunch,dinner,flavorful","Specialty vegetarian combo. Available at Tandoor (indian cuisine) in Broadhead Center on West Campus campus. Hours: 11 am - 9 pm (mon - sun). Served during: lunch, dinner. served with 2 vegetables, 1 samosa, rice and naan. Item tags: comfort_food, dinner, vegetarian. Venue tags: indian,spicy,lunch,dinner,flavorful. "
249,10,Non-vegetarian combo,"lunch, dinner","served with 2 protein 1 vegetable, rice and naan","dinner,high_protein","dinner, high_protein",Tandoor,West Campus,Broadhead Center,11 am - 9 pm (mon - sun),indian,"Looking for authentic Indian food? Your search ends at the Brodhead Center where Tandoor has the enticing flavors you crave. Meats, breads and vegetables cooked in real tandoor ovens. This diverse menu features traditional recipes as well as fresh, modern takes on classic Indian meals.","indian,spicy,lunch,dinner,flavorful","Non-vegetarian combo. Available at Tandoor (indian cuisine) in Broadhead Center on West Campus campus. Hours: 11 am - 9 pm (mon - sun). Served during: lunch, dinner. served with 2 protein 1 vegetable, rice and naan. Item tags: dinner, high_protein. Venue tags: indian,spicy,lunch,dinner,flavorful. "
250,10,Chicken Dosa,"lunch, dinner, snack",Savory crepe with Chicken Tikka,"lunch,dinner,comfort_food,spicy","comfort_food, dinner, lunch, spicy",Tandoor,West Campus,Broadhead Center,11 am - 9 pm (mon - sun),indian,"Looking for authentic Indian food? Your search ends at the Brodhead Center where Tandoor has the enticing flavors you crave. Meats, breads and vegetables cooked in real tandoor ovens. This diverse menu features traditional recipes as well as fresh, modern takes on classic Indian meals.","indian,spicy,lunch,dinner,flavorful","Chicken Dosa. Available at Tandoor (indian cuisine) in Broadhead Center on West Campus campus. Hours: 11 am - 9 pm (mon - sun). Served during: lunch, dinner, snack. Savory crepe with Chicken Tikka. Item tags: comfort_food, dinner, lunch, spicy. Venue tags: indian,spicy,lunch,dinner,flavorful. "
251,10,Masala Dosa,"lunch, dinner, snack",Savory crepe with masala,"vegetarian,comfort_food,breakfast","breakfast, comfort_food, vegetarian",Tandoor,West Campus,Broadhead Center,11 am - 9 pm (mon - sun),indian,"Looking for authentic Indian food? Your search ends at the Brodhead Center where Tandoor has the enticing flavors you crave. Meats, breads and vegetables cooked in real tandoor ovens. This diverse menu features traditional recipes as well as fresh, modern takes on classic Indian meals.","indian,spicy,lunch,dinner,flavorful","Masala Dosa. Available at Tandoor (indian cuisine) in Broadhead Center on West Campus campus. Hours: 11 am - 9 pm (mon - sun). Served during: lunch, dinner, snack. Savory crepe with masala. Item tags: breakfast, comfort_food, vegetarian. Venue tags: indian,spicy,lunch,dinner,flavorful. "
252,10,Vegetable Dosa,"lunch, dinner, snack",Savory crepe with mixed vegetables,"vegetarian,healthy,breakfast","breakfast, healthy, vegetarian",Tandoor,West Campus,Broadhead Center,11 am - 9 pm (mon - sun),indian,"Looking for authentic Indian food? Your search ends at the Brodhead Center where Tandoor has the enticing flavors you crave. Meats, breads and vegetables cooked in real tandoor ovens. This diverse menu features traditional recipes as well as fresh, modern takes on classic Indian meals.","indian,spicy,lunch,dinner,flavorful","Vegetable Dosa. Available at Tandoor (indian cuisine) in Broadhead Center on West Campus campus. Hours: 11 am - 9 pm (mon - sun). Served during: lunch, dinner, snack. Savory crepe with mixed vegetables. Item tags: breakfast, healthy, vegetarian. Venue tags: indian,spicy,lunch,dinner,flavorful. "
253,10,Vegetable Samosa,"lunch, dinner, snack",Triangle pastries stuffed with savored peas and potatoes,"vegetarian,snack,comfort_food","comfort_food, snack, vegetarian",Tandoor,West Campus,Broadhead Center,11 am - 9 pm (mon - sun),indian,"Looking for authentic Indian food? Your search ends at the Brodhead Center where Tandoor has the enticing flavors you crave. Meats, breads and vegetables cooked in real tandoor ovens. This diverse menu features traditional recipes as well as fresh, modern takes on classic Indian meals.","indian,spicy,lunch,dinner,flavorful","Vegetable Samosa. Available at Tandoor (indian cuisine) in Broadhead Center on West Campus campus. Hours: 11 am - 9 pm (mon - sun). Served during: lunch, dinner, snack. Triangle pastries stuffed with savored peas and potatoes. Item tags: comfort_food, snack, vegetarian. Venue tags: indian,spicy,lunch,dinner,flavorful. "
254,10,Gulab Jamun,"snack, dessert","Fried balls of dough dipped in syrup, served warm","dessert,fried,comfort_food","comfort_food, dessert, fried",Tandoor,West Campus,Broadhead Center,11 am - 9 pm (mon - sun),indian,"Looking for authentic Indian food? Your search ends at the Brodhead Center where Tandoor has the enticing flavors you crave. Meats, breads and vegetables cooked in real tandoor ovens. This diverse menu features traditional recipes as well as fresh, modern takes on classic Indian meals.","indian,spicy,lunch,dinner,flavorful","Gulab Jamun. Available at Tandoor (indian cuisine) in Broadhead Center on West Campus campus. Hours: 11 am - 9 pm (mon - sun). Served during: snack, dessert. Fried balls of dough dipped in syrup, served warm. Item tags: comfort_food, dessert, fried. Venue tags: indian,spicy,lunch,dinner,flavorful. "
255,10,Mango Lassi,"snack, dessert",Yogurt-based drink with mango,"dairy,drink,quick","dairy, drink, quick",Tandoor,West Campus,Broadhead Center,11 am - 9 pm (mon - sun),indian,"Looking for authentic Indian food? Your search ends at the Brodhead Center where Tandoor has the enticing flavors you crave. Meats, breads and vegetables cooked in real tandoor ovens. This diverse menu features traditional recipes as well as fresh, modern takes on classic Indian meals.","indian,spicy,lunch,dinner,flavorful","Mango Lassi. Available at Tandoor (indian cuisine) in Broadhead Center on West Campus campus. Hours: 11 am - 9 pm (mon - sun). Served during: snack, dessert. Yogurt-based drink with mango. Item tags: dairy, drink, quick. Venue tags: indian,spicy,lunch,dinner,flavorful. "
256,11,Rotating  Menu,lunch,Menu changes monthly; offerings vary and are not fixed,"quick,lunch,dinner","dinner, lunch, quick",The Chef's Kitchen,West Campus,Broadhead Center,11 am - 3 pm (mon - fri); closed (sat - sun),international,"The Chef's Kitchen's serves as a pop-up restaurant for lunch, Monday-Friday from 11am-3pm.","lunch,rotating,international","Rotating  Menu. Available at The Chef's Kitchen (international cuisine) in Broadhead Center on West Campus campus. Hours: 11 am - 3 pm (mon - fri); closed (sat - sun). Served during: lunch. Menu changes monthly; offerings vary and are not fixed. Item tags: dinner, lunch, quick. Venue tags: lunch,rotating,international. "
257,12,Asiago Gnocchi,dinner,"tomato sauce, parmesan, gnocchi","dinner,comfort_food,dairy","comfort_food, dairy, dinner",The Commons,West Campus,Broadhead Center,11:30 am - 2 pm (mon - fri); 5 - 9 pm (tues - sat); closed (sun),american,The Commons in the Brodhead Center is a quiet restaurant located on the Mezzanine Level and tucked away above the bustle of the food court below.,"lunch,dinner,protein,salad,dessert,expensive","Asiago Gnocchi. Available at The Commons (american cuisine) in Broadhead Center on West Campus campus. Hours: 11:30 am - 2 pm (mon - fri); 5 - 9 pm (tues - sat); closed (sun). Served during: dinner. tomato sauce, parmesan, gnocchi. Item tags: comfort_food, dairy, dinner. Venue tags: lunch,dinner,protein,salad,dessert,expensive. "
258,12,Spinach and Artichoke Dip,dinner,Spinach and Artichoke Dip with crostini,"vegetarian,comfort_food,snack","comfort_food, snack, vegetarian",The Commons,West Campus,Broadhead Center,11:30 am - 2 pm (mon - fri); 5 - 9 pm (tues - sat); closed (sun),american,The Commons in the Brodhead Center is a quiet restaurant located on the Mezzanine Level and tucked away above the bustle of the food court below.,"lunch,dinner,protein,salad,dessert,expensive","Spinach and Artichoke Dip. Available at The Commons (american cuisine) in Broadhead Center on West Campus campus. Hours: 11:30 am - 2 pm (mon - fri); 5 - 9 pm (tues - sat); closed (sun). Served during: dinner. Spinach and Artichoke Dip with crostini. Item tags: comfort_food, snack, vegetarian. Venue tags: lunch,dinner,protein,salad,dessert,expensive. "
259,12,Burrata,dinner,"heirloom cherry tomatoes , balsamic reduction, grilled bread","vegetarian,lunch,dinner,comfort_food,healthy","comfort_food, dinner, healthy, lunch, vegetarian",The Commons,West Campus,Broadhead Center,11:30 am - 2 pm (mon - fri); 5 - 9 pm (tues - sat); closed (sun),american,The Commons in the Brodhead Center is a quiet restaurant located on the Mezzanine Level and tucked away above the bustle of the food court below.,"lunch,dinner,protein,salad,dessert,expensive","Burrata. Available at The Commons (american cuisine) in Broadhead Center on West Campus campus. Hours: 11:30 am - 2 pm (mon - fri); 5 - 9 pm (tues - sat); closed (sun). Served during: dinner. heirloom cherry tomatoes , balsamic reduction, grilled bread. Item tags: comfort_food, dinner, healthy, lunch, vegetarian. Venue tags: lunch,dinner,protein,salad,dessert,expensive. "
260,12,Calamari,dinner,flash fried - spicy marinara - caper remoulade,"fried,comfort_food,dinner,spicy","comfort_food, dinner, fried, spicy",The Commons,West Campus,Broadhead Center,11:30 am - 2 pm (mon - fri); 5 - 9 pm (tues - sat); closed (sun),american,The Commons in the Brodhead Center is a quiet restaurant located on the Mezzanine Level and tucked away above the bustle of the food court below.,"lunch,dinner,protein,salad,dessert,expensive","Calamari. Available at The Commons (american cuisine) in Broadhead Center on West Campus campus. Hours: 11:30 am - 2 pm (mon - fri); 5 - 9 pm (tues - sat); closed (sun). Served during: dinner. flash fried - spicy marinara - caper remoulade. Item tags: comfort_food, dinner, fried, spicy. Venue tags: lunch,dinner,protein,salad,dessert,expensive. "
261,12,Shrimp Cocktail,dinner,cocktail sauce - lemon,"dinner,comfort_food","comfort_food, dinner",The Commons,West Campus,Broadhead Center,11:30 am - 2 pm (mon - fri); 5 - 9 pm (tues - sat); closed (sun),american,The Commons in the Brodhead Center is a quiet restaurant located on the Mezzanine Level and tucked away above the bustle of the food court below.,"lunch,dinner,protein,salad,dessert,expensive","Shrimp Cocktail. Available at The Commons (american cuisine) in Broadhead Center on West Campus campus. Hours: 11:30 am - 2 pm (mon - fri); 5 - 9 pm (tues - sat); closed (sun). Served during: dinner. cocktail sauce - lemon. Item tags: comfort_food, dinner. Venue tags: lunch,dinner,protein,salad,dessert,expensive. "
262,12,Commons House Salad,dinner,mixed greens - cucumbers - tomatoes - balsamic vinaigrette,"vegetarian,healthy,lunch","healthy, lunch, vegetarian",The Commons,West Campus,Broadhead Center,11:30 am - 2 pm (mon - fri); 5 - 9 pm (tues - sat); closed (sun),american,The Commons in the Brodhead Center is a quiet restaurant located on the Mezzanine Level and tucked away above the bustle of the food court below.,"lunch,dinner,protein,salad,dessert,expensive","Commons House Salad. Available at The Commons (american cuisine) in Broadhead Center on West Campus campus. Hours: 11:30 am - 2 pm (mon - fri); 5 - 9 pm (tues - sat); closed (sun). Served during: dinner. mixed greens - cucumbers - tomatoes - balsamic vinaigrette. Item tags: healthy, lunch, vegetarian. Venue tags: lunch,dinner,protein,salad,dessert,expensive. "
263,12,Classic Caesar,dinner,romaine - croutons - parmesan - Caesar dressing,"dairy,gluten,dinner,comfort_food","comfort_food, dairy, dinner, gluten",The Commons,West Campus,Broadhead Center,11:30 am - 2 pm (mon - fri); 5 - 9 pm (tues - sat); closed (sun),american,The Commons in the Brodhead Center is a quiet restaurant located on the Mezzanine Level and tucked away above the bustle of the food court below.,"lunch,dinner,protein,salad,dessert,expensive","Classic Caesar. Available at The Commons (american cuisine) in Broadhead Center on West Campus campus. Hours: 11:30 am - 2 pm (mon - fri); 5 - 9 pm (tues - sat); closed (sun). Served during: dinner. romaine - croutons - parmesan - Caesar dressing. Item tags: comfort_food, dairy, dinner, gluten. Venue tags: lunch,dinner,protein,salad,dessert,expensive. "
264,12,Mussels and Fries,dinner,"Prince Edward Island mussels - white wine, butter, shallots, garlic
grilled bread - house fries","dinner,comfort_food,fried","comfort_food, dinner, fried",The Commons,West Campus,Broadhead Center,11:30 am - 2 pm (mon - fri); 5 - 9 pm (tues - sat); closed (sun),american,The Commons in the Brodhead Center is a quiet restaurant located on the Mezzanine Level and tucked away above the bustle of the food court below.,"lunch,dinner,protein,salad,dessert,expensive","Mussels and Fries. Available at The Commons (american cuisine) in Broadhead Center on West Campus campus. Hours: 11:30 am - 2 pm (mon - fri); 5 - 9 pm (tues - sat); closed (sun). Served during: dinner. Prince Edward Island mussels - white wine, butter, shallots, garlic
grilled bread - house fries. Item tags: comfort_food, dinner, fried. Venue tags: lunch,dinner,protein,salad,dessert,expensive. "
265,12,Carolina Crab-Cakes,dinner,broccolini-lemon beurre blanc,"dinner,comfort_food","comfort_food, dinner",The Commons,West Campus,Broadhead Center,11:30 am - 2 pm (mon - fri); 5 - 9 pm (tues - sat); closed (sun),american,The Commons in the Brodhead Center is a quiet restaurant located on the Mezzanine Level and tucked away above the bustle of the food court below.,"lunch,dinner,protein,salad,dessert,expensive","Carolina Crab-Cakes. Available at The Commons (american cuisine) in Broadhead Center on West Campus campus. Hours: 11:30 am - 2 pm (mon - fri); 5 - 9 pm (tues - sat); closed (sun). Served during: dinner. broccolini-lemon beurre blanc. Item tags: comfort_food, dinner. Venue tags: lunch,dinner,protein,salad,dessert,expensive. "
266,12,Steak Frites,dinner,herb butter - house fries - petit green salad,"dinner,comfort_food","comfort_food, dinner",The Commons,West Campus,Broadhead Center,11:30 am - 2 pm (mon - fri); 5 - 9 pm (tues - sat); closed (sun),american,The Commons in the Brodhead Center is a quiet restaurant located on the Mezzanine Level and tucked away above the bustle of the food court below.,"lunch,dinner,protein,salad,dessert,expensive","Steak Frites. Available at The Commons (american cuisine) in Broadhead Center on West Campus campus. Hours: 11:30 am - 2 pm (mon - fri); 5 - 9 pm (tues - sat); closed (sun). Served during: dinner. herb butter - house fries - petit green salad. Item tags: comfort_food, dinner. Venue tags: lunch,dinner,protein,salad,dessert,expensive. "
267,12,Stuffed Airline Chicken Breast,dinner,"sundried tomato, goat cheese, spinach
roasted garlic mashed potatoes - broccolini","dinner,comfort_food,gluten,dairy","comfort_food, dairy, dinner, gluten",The Commons,West Campus,Broadhead Center,11:30 am - 2 pm (mon - fri); 5 - 9 pm (tues - sat); closed (sun),american,The Commons in the Brodhead Center is a quiet restaurant located on the Mezzanine Level and tucked away above the bustle of the food court below.,"lunch,dinner,protein,salad,dessert,expensive","Stuffed Airline Chicken Breast. Available at The Commons (american cuisine) in Broadhead Center on West Campus campus. Hours: 11:30 am - 2 pm (mon - fri); 5 - 9 pm (tues - sat); closed (sun). Served during: dinner. sundried tomato, goat cheese, spinach
roasted garlic mashed potatoes - broccolini. Item tags: comfort_food, dairy, dinner, gluten. Venue tags: lunch,dinner,protein,salad,dessert,expensive. "
268,12,Spinach and Ricotta Ravioli,dinner,spicy tomato broth - basil infused olive oil,"dinner,comfort_food,gluten,dairy,spicy","comfort_food, dairy, dinner, gluten, spicy",The Commons,West Campus,Broadhead Center,11:30 am - 2 pm (mon - fri); 5 - 9 pm (tues - sat); closed (sun),american,The Commons in the Brodhead Center is a quiet restaurant located on the Mezzanine Level and tucked away above the bustle of the food court below.,"lunch,dinner,protein,salad,dessert,expensive","Spinach and Ricotta Ravioli. Available at The Commons (american cuisine) in Broadhead Center on West Campus campus. Hours: 11:30 am - 2 pm (mon - fri); 5 - 9 pm (tues - sat); closed (sun). Served during: dinner. spicy tomato broth - basil infused olive oil. Item tags: comfort_food, dairy, dinner, gluten, spicy. Venue tags: lunch,dinner,protein,salad,dessert,expensive. "
269,12,Seared Atlantic Salmon,dinner,French lentils - lemon beurre blanc,"dinner,high_protein,comfort_food","comfort_food, dinner, high_protein",The Commons,West Campus,Broadhead Center,11:30 am - 2 pm (mon - fri); 5 - 9 pm (tues - sat); closed (sun),american,The Commons in the Brodhead Center is a quiet restaurant located on the Mezzanine Level and tucked away above the bustle of the food court below.,"lunch,dinner,protein,salad,dessert,expensive","Seared Atlantic Salmon. Available at The Commons (american cuisine) in Broadhead Center on West Campus campus. Hours: 11:30 am - 2 pm (mon - fri); 5 - 9 pm (tues - sat); closed (sun). Served during: dinner. French lentils - lemon beurre blanc. Item tags: comfort_food, dinner, high_protein. Venue tags: lunch,dinner,protein,salad,dessert,expensive. "
270,12,Ribeye Steak,dinner,14 ounce - broccolini - garlic mashed potatoes - herb butter,"dinner,high_protein,comfort_food","comfort_food, dinner, high_protein",The Commons,West Campus,Broadhead Center,11:30 am - 2 pm (mon - fri); 5 - 9 pm (tues - sat); closed (sun),american,The Commons in the Brodhead Center is a quiet restaurant located on the Mezzanine Level and tucked away above the bustle of the food court below.,"lunch,dinner,protein,salad,dessert,expensive","Ribeye Steak. Available at The Commons (american cuisine) in Broadhead Center on West Campus campus. Hours: 11:30 am - 2 pm (mon - fri); 5 - 9 pm (tues - sat); closed (sun). Served during: dinner. 14 ounce - broccolini - garlic mashed potatoes - herb butter. Item tags: comfort_food, dinner, high_protein. Venue tags: lunch,dinner,protein,salad,dessert,expensive. "
271,12,Filet Mignon,dinner,8 ounces - broccolini - garlic mashed potatoes - red wine demi-glace,"dinner,comfort_food","comfort_food, dinner",The Commons,West Campus,Broadhead Center,11:30 am - 2 pm (mon - fri); 5 - 9 pm (tues - sat); closed (sun),american,The Commons in the Brodhead Center is a quiet restaurant located on the Mezzanine Level and tucked away above the bustle of the food court below.,"lunch,dinner,protein,salad,dessert,expensive","Filet Mignon. Available at The Commons (american cuisine) in Broadhead Center on West Campus campus. Hours: 11:30 am - 2 pm (mon - fri); 5 - 9 pm (tues - sat); closed (sun). Served during: dinner. 8 ounces - broccolini - garlic mashed potatoes - red wine demi-glace. Item tags: comfort_food, dinner. Venue tags: lunch,dinner,protein,salad,dessert,expensive. "
272,12,Mushroom Bourguignon,dinner,"mushrooms, tomatoes, carrots and leeks braised in red wine - polenta","vegetarian,dinner,comfort_food,healthy","comfort_food, dinner, healthy, vegetarian",The Commons,West Campus,Broadhead Center,11:30 am - 2 pm (mon - fri); 5 - 9 pm (tues - sat); closed (sun),american,The Commons in the Brodhead Center is a quiet restaurant located on the Mezzanine Level and tucked away above the bustle of the food court below.,"lunch,dinner,protein,salad,dessert,expensive","Mushroom Bourguignon. Available at The Commons (american cuisine) in Broadhead Center on West Campus campus. Hours: 11:30 am - 2 pm (mon - fri); 5 - 9 pm (tues - sat); closed (sun). Served during: dinner. mushrooms, tomatoes, carrots and leeks braised in red wine - polenta. Item tags: comfort_food, dinner, healthy, vegetarian. Venue tags: lunch,dinner,protein,salad,dessert,expensive. "
273,12,Commons Steak Burger,dinner,"8 ounces house-ground filet and ribeye
aged English cheddar - lettuce - tomato - house fries","dinner,comfort_food,fried","comfort_food, dinner, fried",The Commons,West Campus,Broadhead Center,11:30 am - 2 pm (mon - fri); 5 - 9 pm (tues - sat); closed (sun),american,The Commons in the Brodhead Center is a quiet restaurant located on the Mezzanine Level and tucked away above the bustle of the food court below.,"lunch,dinner,protein,salad,dessert,expensive","Commons Steak Burger. Available at The Commons (american cuisine) in Broadhead Center on West Campus campus. Hours: 11:30 am - 2 pm (mon - fri); 5 - 9 pm (tues - sat); closed (sun). Served during: dinner. 8 ounces house-ground filet and ribeye
aged English cheddar - lettuce - tomato - house fries. Item tags: comfort_food, dinner, fried. Venue tags: lunch,dinner,protein,salad,dessert,expensive. "
274,13,Chicken Wings,"lunch, dinner","Wings with bbq suace, lemon pepper, duke reaper crazy hot sauce, ranch, sriracha soy glaze, plain, or buffalo sauce","comfort_food,fried,spicy,dinner,snack","comfort_food, dinner, fried, snack, spicy",The Devil's Krafthouse,West Campus,Broadhead Center,11 am - Midnight (mon - sun),american,"Head to the campus center pub for your favorite craft beers on tap and a great menu for pairing. Stop by The Devil's Krafthouse during every Duke basketball away game for special viewing parties on the big screens. With seating available indoors and outside, the fun happens rain or shine.","bar,lunch,dinner,late-night,sit-down","Chicken Wings. Available at The Devil's Krafthouse (american cuisine) in Broadhead Center on West Campus campus. Hours: 11 am - Midnight (mon - sun). Served during: lunch, dinner. Wings with bbq suace, lemon pepper, duke reaper crazy hot sauce, ranch, sriracha soy glaze, plain, or buffalo sauce. Item tags: comfort_food, dinner, fried, snack, spicy. Venue tags: bar,lunch,dinner,late-night,sit-down. "
275,13,Chicken Tenders,"lunch, dinner",Chicken tenders with fries and honey mustard sauce,"comfort_food,fried,dinner,lunch,snack","comfort_food, dinner, fried, lunch, snack",The Devil's Krafthouse,West Campus,Broadhead Center,11 am - Midnight (mon - sun),american,"Head to the campus center pub for your favorite craft beers on tap and a great menu for pairing. Stop by The Devil's Krafthouse during every Duke basketball away game for special viewing parties on the big screens. With seating available indoors and outside, the fun happens rain or shine.","bar,lunch,dinner,late-night,sit-down","Chicken Tenders. Available at The Devil's Krafthouse (american cuisine) in Broadhead Center on West Campus campus. Hours: 11 am - Midnight (mon - sun). Served during: lunch, dinner. Chicken tenders with fries and honey mustard sauce. Item tags: comfort_food, dinner, fried, lunch, snack. Venue tags: bar,lunch,dinner,late-night,sit-down. "
276,13,Crispy Vegan Tenders,"lunch, dinner",Crispy Vgean Tenders with fries,"vegan,fried,comfort_food,lunch,dinner,snack","comfort_food, dinner, fried, lunch, snack, vegan",The Devil's Krafthouse,West Campus,Broadhead Center,11 am - Midnight (mon - sun),american,"Head to the campus center pub for your favorite craft beers on tap and a great menu for pairing. Stop by The Devil's Krafthouse during every Duke basketball away game for special viewing parties on the big screens. With seating available indoors and outside, the fun happens rain or shine.","bar,lunch,dinner,late-night,sit-down","Crispy Vegan Tenders. Available at The Devil's Krafthouse (american cuisine) in Broadhead Center on West Campus campus. Hours: 11 am - Midnight (mon - sun). Served during: lunch, dinner. Crispy Vgean Tenders with fries. Item tags: comfort_food, dinner, fried, lunch, snack, vegan. Venue tags: bar,lunch,dinner,late-night,sit-down. "
277,13,Sweet Potato Fries,"lunch, dinner, snack",Sweet Potato Fries,"vegetarian,fried,comfort_food,snack","comfort_food, fried, snack, vegetarian",The Devil's Krafthouse,West Campus,Broadhead Center,11 am - Midnight (mon - sun),american,"Head to the campus center pub for your favorite craft beers on tap and a great menu for pairing. Stop by The Devil's Krafthouse during every Duke basketball away game for special viewing parties on the big screens. With seating available indoors and outside, the fun happens rain or shine.","bar,lunch,dinner,late-night,sit-down","Sweet Potato Fries. Available at The Devil's Krafthouse (american cuisine) in Broadhead Center on West Campus campus. Hours: 11 am - Midnight (mon - sun). Served during: lunch, dinner, snack. Sweet Potato Fries. Item tags: comfort_food, fried, snack, vegetarian. Venue tags: bar,lunch,dinner,late-night,sit-down. "
278,13,Nachos,"lunch, dinner","Nachos with queso, pico de gallo, pickled jalapenos, lettuce & side of sour cream","comfort_food,dairy,lunch,dinner,snack,spicy","comfort_food, dairy, dinner, lunch, snack, spicy",The Devil's Krafthouse,West Campus,Broadhead Center,11 am - Midnight (mon - sun),american,"Head to the campus center pub for your favorite craft beers on tap and a great menu for pairing. Stop by The Devil's Krafthouse during every Duke basketball away game for special viewing parties on the big screens. With seating available indoors and outside, the fun happens rain or shine.","bar,lunch,dinner,late-night,sit-down","Nachos. Available at The Devil's Krafthouse (american cuisine) in Broadhead Center on West Campus campus. Hours: 11 am - Midnight (mon - sun). Served during: lunch, dinner. Nachos with queso, pico de gallo, pickled jalapenos, lettuce & side of sour cream. Item tags: comfort_food, dairy, dinner, lunch, snack, spicy. Venue tags: bar,lunch,dinner,late-night,sit-down. "
279,13,Kruggets and fries,"lunch, dinner",Chicken chunks with fries and choice of sauce,"comfort_food,fried,dinner","comfort_food, dinner, fried",The Devil's Krafthouse,West Campus,Broadhead Center,11 am - Midnight (mon - sun),american,"Head to the campus center pub for your favorite craft beers on tap and a great menu for pairing. Stop by The Devil's Krafthouse during every Duke basketball away game for special viewing parties on the big screens. With seating available indoors and outside, the fun happens rain or shine.","bar,lunch,dinner,late-night,sit-down","Kruggets and fries. Available at The Devil's Krafthouse (american cuisine) in Broadhead Center on West Campus campus. Hours: 11 am - Midnight (mon - sun). Served during: lunch, dinner. Chicken chunks with fries and choice of sauce. Item tags: comfort_food, dinner, fried. Venue tags: bar,lunch,dinner,late-night,sit-down. "
280,13,Mac and Cheese bites,"lunch, dinner",Mac and Cheese bites with choice of sauce,"comfort_food,dairy,fried","comfort_food, dairy, fried",The Devil's Krafthouse,West Campus,Broadhead Center,11 am - Midnight (mon - sun),american,"Head to the campus center pub for your favorite craft beers on tap and a great menu for pairing. Stop by The Devil's Krafthouse during every Duke basketball away game for special viewing parties on the big screens. With seating available indoors and outside, the fun happens rain or shine.","bar,lunch,dinner,late-night,sit-down","Mac and Cheese bites. Available at The Devil's Krafthouse (american cuisine) in Broadhead Center on West Campus campus. Hours: 11 am - Midnight (mon - sun). Served during: lunch, dinner. Mac and Cheese bites with choice of sauce. Item tags: comfort_food, dairy, fried. Venue tags: bar,lunch,dinner,late-night,sit-down. "
281,13,Fish & Fries,"lunch, dinner",Fish & Fries,"fried,comfort_food,dinner","comfort_food, dinner, fried",The Devil's Krafthouse,West Campus,Broadhead Center,11 am - Midnight (mon - sun),american,"Head to the campus center pub for your favorite craft beers on tap and a great menu for pairing. Stop by The Devil's Krafthouse during every Duke basketball away game for special viewing parties on the big screens. With seating available indoors and outside, the fun happens rain or shine.","bar,lunch,dinner,late-night,sit-down","Fish & Fries. Available at The Devil's Krafthouse (american cuisine) in Broadhead Center on West Campus campus. Hours: 11 am - Midnight (mon - sun). Served during: lunch, dinner. Fish & Fries. Item tags: comfort_food, dinner, fried. Venue tags: bar,lunch,dinner,late-night,sit-down. "
282,13,Fried Cheese Curds,"lunch, dinner, snack",Fried Cheese Curds with a side of cajun remoulade,"fried,dairy,comfort_food","comfort_food, dairy, fried",The Devil's Krafthouse,West Campus,Broadhead Center,11 am - Midnight (mon - sun),american,"Head to the campus center pub for your favorite craft beers on tap and a great menu for pairing. Stop by The Devil's Krafthouse during every Duke basketball away game for special viewing parties on the big screens. With seating available indoors and outside, the fun happens rain or shine.","bar,lunch,dinner,late-night,sit-down","Fried Cheese Curds. Available at The Devil's Krafthouse (american cuisine) in Broadhead Center on West Campus campus. Hours: 11 am - Midnight (mon - sun). Served during: lunch, dinner, snack. Fried Cheese Curds with a side of cajun remoulade. Item tags: comfort_food, dairy, fried. Venue tags: bar,lunch,dinner,late-night,sit-down. "
283,13,Fried Pickle Fries,"lunch, dinner, snack",Fried Pickle Fries with remoulade,"fried,comfort_food,snack","comfort_food, fried, snack",The Devil's Krafthouse,West Campus,Broadhead Center,11 am - Midnight (mon - sun),american,"Head to the campus center pub for your favorite craft beers on tap and a great menu for pairing. Stop by The Devil's Krafthouse during every Duke basketball away game for special viewing parties on the big screens. With seating available indoors and outside, the fun happens rain or shine.","bar,lunch,dinner,late-night,sit-down","Fried Pickle Fries. Available at The Devil's Krafthouse (american cuisine) in Broadhead Center on West Campus campus. Hours: 11 am - Midnight (mon - sun). Served during: lunch, dinner, snack. Fried Pickle Fries with remoulade. Item tags: comfort_food, fried, snack. Venue tags: bar,lunch,dinner,late-night,sit-down. "
284,13,Onion Rings,"lunch, dinner, snack",Onion Rings with remoulade,"fried,comfort_food,snack","comfort_food, fried, snack",The Devil's Krafthouse,West Campus,Broadhead Center,11 am - Midnight (mon - sun),american,"Head to the campus center pub for your favorite craft beers on tap and a great menu for pairing. Stop by The Devil's Krafthouse during every Duke basketball away game for special viewing parties on the big screens. With seating available indoors and outside, the fun happens rain or shine.","bar,lunch,dinner,late-night,sit-down","Onion Rings. Available at The Devil's Krafthouse (american cuisine) in Broadhead Center on West Campus campus. Hours: 11 am - Midnight (mon - sun). Served during: lunch, dinner, snack. Onion Rings with remoulade. Item tags: comfort_food, fried, snack. Venue tags: bar,lunch,dinner,late-night,sit-down. "
285,13,Pretzels with beer cheese and mustard,"lunch, dinner, snack",Pretzel with beer cheese and mustard,"dairy,comfort_food,snack","comfort_food, dairy, snack",The Devil's Krafthouse,West Campus,Broadhead Center,11 am - Midnight (mon - sun),american,"Head to the campus center pub for your favorite craft beers on tap and a great menu for pairing. Stop by The Devil's Krafthouse during every Duke basketball away game for special viewing parties on the big screens. With seating available indoors and outside, the fun happens rain or shine.","bar,lunch,dinner,late-night,sit-down","Pretzels with beer cheese and mustard. Available at The Devil's Krafthouse (american cuisine) in Broadhead Center on West Campus campus. Hours: 11 am - Midnight (mon - sun). Served during: lunch, dinner, snack. Pretzel with beer cheese and mustard. Item tags: comfort_food, dairy, snack. Venue tags: bar,lunch,dinner,late-night,sit-down. "
286,13,Ginger Grilled Salmon Salad,"lunch, dinner","Ginger Grilled Salmon Salad with avocado, red onion, carrot, cucmber, roasted corn & ginger dressing","high_protein,dinner,healthy","dinner, healthy, high_protein",The Devil's Krafthouse,West Campus,Broadhead Center,11 am - Midnight (mon - sun),american,"Head to the campus center pub for your favorite craft beers on tap and a great menu for pairing. Stop by The Devil's Krafthouse during every Duke basketball away game for special viewing parties on the big screens. With seating available indoors and outside, the fun happens rain or shine.","bar,lunch,dinner,late-night,sit-down","Ginger Grilled Salmon Salad. Available at The Devil's Krafthouse (american cuisine) in Broadhead Center on West Campus campus. Hours: 11 am - Midnight (mon - sun). Served during: lunch, dinner. Ginger Grilled Salmon Salad with avocado, red onion, carrot, cucmber, roasted corn & ginger dressing. Item tags: dinner, healthy, high_protein. Venue tags: bar,lunch,dinner,late-night,sit-down. "
287,13,Caribbean Fish Salad,"lunch, dinner","Caribbean Fish Salad with seasoned mahi mahi, romaine lettuce, fried plantains, pico de gallo, black beans, avocado, & cilantro citrus dressing","lunch,dinner,comfort_food,fried,healthy,quick","comfort_food, dinner, fried, healthy, lunch, quick",The Devil's Krafthouse,West Campus,Broadhead Center,11 am - Midnight (mon - sun),american,"Head to the campus center pub for your favorite craft beers on tap and a great menu for pairing. Stop by The Devil's Krafthouse during every Duke basketball away game for special viewing parties on the big screens. With seating available indoors and outside, the fun happens rain or shine.","bar,lunch,dinner,late-night,sit-down","Caribbean Fish Salad. Available at The Devil's Krafthouse (american cuisine) in Broadhead Center on West Campus campus. Hours: 11 am - Midnight (mon - sun). Served during: lunch, dinner. Caribbean Fish Salad with seasoned mahi mahi, romaine lettuce, fried plantains, pico de gallo, black beans, avocado, & cilantro citrus dressing. Item tags: comfort_food, dinner, fried, healthy, lunch, quick. Venue tags: bar,lunch,dinner,late-night,sit-down. "
288,13,Fried Chicken Salad,"lunch, dinner","Fried Chicken Salad with black beans, tomato, red onion, carrot & honey mustard dressing","comfort_food,fried,lunch,dinner","comfort_food, dinner, fried, lunch",The Devil's Krafthouse,West Campus,Broadhead Center,11 am - Midnight (mon - sun),american,"Head to the campus center pub for your favorite craft beers on tap and a great menu for pairing. Stop by The Devil's Krafthouse during every Duke basketball away game for special viewing parties on the big screens. With seating available indoors and outside, the fun happens rain or shine.","bar,lunch,dinner,late-night,sit-down","Fried Chicken Salad. Available at The Devil's Krafthouse (american cuisine) in Broadhead Center on West Campus campus. Hours: 11 am - Midnight (mon - sun). Served during: lunch, dinner. Fried Chicken Salad with black beans, tomato, red onion, carrot & honey mustard dressing. Item tags: comfort_food, dinner, fried, lunch. Venue tags: bar,lunch,dinner,late-night,sit-down. "
289,13,Mixed Arugula Salad,"lunch, dinner","Mixed Arugula Salad with fresh berries, red onion, carrot, cucumbers, strawberry vinaigrette dressing","vegetarian,healthy,lunch","healthy, lunch, vegetarian",The Devil's Krafthouse,West Campus,Broadhead Center,11 am - Midnight (mon - sun),american,"Head to the campus center pub for your favorite craft beers on tap and a great menu for pairing. Stop by The Devil's Krafthouse during every Duke basketball away game for special viewing parties on the big screens. With seating available indoors and outside, the fun happens rain or shine.","bar,lunch,dinner,late-night,sit-down","Mixed Arugula Salad. Available at The Devil's Krafthouse (american cuisine) in Broadhead Center on West Campus campus. Hours: 11 am - Midnight (mon - sun). Served during: lunch, dinner. Mixed Arugula Salad with fresh berries, red onion, carrot, cucumbers, strawberry vinaigrette dressing. Item tags: healthy, lunch, vegetarian. Venue tags: bar,lunch,dinner,late-night,sit-down. "
290,13,Buffalo Bacon Ranch Bowl,"lunch, dinner","Diced chicken tenders tossed in buffalo sauce, fresh cut fries, chopped romaine, tomato, smoked bacon monterey jack cheese, and a side of ranch","comfort_food,dinner,fried,gluten,high_protein,lunch","comfort_food, dinner, fried, gluten, high_protein, lunch",The Devil's Krafthouse,West Campus,Broadhead Center,11 am - Midnight (mon - sun),american,"Head to the campus center pub for your favorite craft beers on tap and a great menu for pairing. Stop by The Devil's Krafthouse during every Duke basketball away game for special viewing parties on the big screens. With seating available indoors and outside, the fun happens rain or shine.","bar,lunch,dinner,late-night,sit-down","Buffalo Bacon Ranch Bowl. Available at The Devil's Krafthouse (american cuisine) in Broadhead Center on West Campus campus. Hours: 11 am - Midnight (mon - sun). Served during: lunch, dinner. Diced chicken tenders tossed in buffalo sauce, fresh cut fries, chopped romaine, tomato, smoked bacon monterey jack cheese, and a side of ranch. Item tags: comfort_food, dinner, fried, gluten, high_protein, lunch. Venue tags: bar,lunch,dinner,late-night,sit-down. "
291,13,Southwest Chicken Cobb Salad,"lunch, dinner","Southwest Chicken Cobb Salad with black beans, roasted corn, pico de gallo, avocado, shredded monterey jack cheese, fried egg & cilantro citrus dressing","dinner,comfort_food,high_protein,gluten,dairy","comfort_food, dairy, dinner, gluten, high_protein",The Devil's Krafthouse,West Campus,Broadhead Center,11 am - Midnight (mon - sun),american,"Head to the campus center pub for your favorite craft beers on tap and a great menu for pairing. Stop by The Devil's Krafthouse during every Duke basketball away game for special viewing parties on the big screens. With seating available indoors and outside, the fun happens rain or shine.","bar,lunch,dinner,late-night,sit-down","Southwest Chicken Cobb Salad. Available at The Devil's Krafthouse (american cuisine) in Broadhead Center on West Campus campus. Hours: 11 am - Midnight (mon - sun). Served during: lunch, dinner. Southwest Chicken Cobb Salad with black beans, roasted corn, pico de gallo, avocado, shredded monterey jack cheese, fried egg & cilantro citrus dressing. Item tags: comfort_food, dairy, dinner, gluten, high_protein. Venue tags: bar,lunch,dinner,late-night,sit-down. "
292,13,Grilled Chicken and Goat Cheese Salad,"lunch, dinner","Grilled Chicken and Goat cheese salad with arugula, pickled onion, cucumber, carrot, and strawberry vinaigrette dressing","dinner,gluten,high_protein,healthy,lunch","dinner, gluten, healthy, high_protein, lunch",The Devil's Krafthouse,West Campus,Broadhead Center,11 am - Midnight (mon - sun),american,"Head to the campus center pub for your favorite craft beers on tap and a great menu for pairing. Stop by The Devil's Krafthouse during every Duke basketball away game for special viewing parties on the big screens. With seating available indoors and outside, the fun happens rain or shine.","bar,lunch,dinner,late-night,sit-down","Grilled Chicken and Goat Cheese Salad. Available at The Devil's Krafthouse (american cuisine) in Broadhead Center on West Campus campus. Hours: 11 am - Midnight (mon - sun). Served during: lunch, dinner. Grilled Chicken and Goat cheese salad with arugula, pickled onion, cucumber, carrot, and strawberry vinaigrette dressing. Item tags: dinner, gluten, healthy, high_protein, lunch. Venue tags: bar,lunch,dinner,late-night,sit-down. "
293,13,Buffalo Chicken Tender Sandwich,"lunch, dinner","Buffalo Chicken Tender Sandwich with cheddar cheese, lettuce, and house made chips","comfort_food,lunch,dinner,gluten,fried","comfort_food, dinner, fried, gluten, lunch",The Devil's Krafthouse,West Campus,Broadhead Center,11 am - Midnight (mon - sun),american,"Head to the campus center pub for your favorite craft beers on tap and a great menu for pairing. Stop by The Devil's Krafthouse during every Duke basketball away game for special viewing parties on the big screens. With seating available indoors and outside, the fun happens rain or shine.","bar,lunch,dinner,late-night,sit-down","Buffalo Chicken Tender Sandwich. Available at The Devil's Krafthouse (american cuisine) in Broadhead Center on West Campus campus. Hours: 11 am - Midnight (mon - sun). Served during: lunch, dinner. Buffalo Chicken Tender Sandwich with cheddar cheese, lettuce, and house made chips. Item tags: comfort_food, dinner, fried, gluten, lunch. Venue tags: bar,lunch,dinner,late-night,sit-down. "
294,13,Flame Grilled Chicken Sandwich,"lunch, dinner","Flame Grilled Chicken Sandwich with Avocado, swiss, lettuce, tomato, and housemade chips","dinner,lunch,comfort_food","comfort_food, dinner, lunch",The Devil's Krafthouse,West Campus,Broadhead Center,11 am - Midnight (mon - sun),american,"Head to the campus center pub for your favorite craft beers on tap and a great menu for pairing. Stop by The Devil's Krafthouse during every Duke basketball away game for special viewing parties on the big screens. With seating available indoors and outside, the fun happens rain or shine.","bar,lunch,dinner,late-night,sit-down","Flame Grilled Chicken Sandwich. Available at The Devil's Krafthouse (american cuisine) in Broadhead Center on West Campus campus. Hours: 11 am - Midnight (mon - sun). Served during: lunch, dinner. Flame Grilled Chicken Sandwich with Avocado, swiss, lettuce, tomato, and housemade chips. Item tags: comfort_food, dinner, lunch. Venue tags: bar,lunch,dinner,late-night,sit-down. "
295,13,Flank Steak French Dip,"lunch, dinner",Flank Steak French Dip with provolone and fresh cut fries,"dinner,comfort_food,gluten","comfort_food, dinner, gluten",The Devil's Krafthouse,West Campus,Broadhead Center,11 am - Midnight (mon - sun),american,"Head to the campus center pub for your favorite craft beers on tap and a great menu for pairing. Stop by The Devil's Krafthouse during every Duke basketball away game for special viewing parties on the big screens. With seating available indoors and outside, the fun happens rain or shine.","bar,lunch,dinner,late-night,sit-down","Flank Steak French Dip. Available at The Devil's Krafthouse (american cuisine) in Broadhead Center on West Campus campus. Hours: 11 am - Midnight (mon - sun). Served during: lunch, dinner. Flank Steak French Dip with provolone and fresh cut fries. Item tags: comfort_food, dinner, gluten. Venue tags: bar,lunch,dinner,late-night,sit-down. "
296,13,Grilled Mahi Mahi Wrap,"lunch, dinner","Grilled Mahi Mahi Wrap with romaine lettuce, tomato, and sriracha remoulade, with fried plantains and house made chips on the side","dinner,lunch,comfort_food,fried,spicy","comfort_food, dinner, fried, lunch, spicy",The Devil's Krafthouse,West Campus,Broadhead Center,11 am - Midnight (mon - sun),american,"Head to the campus center pub for your favorite craft beers on tap and a great menu for pairing. Stop by The Devil's Krafthouse during every Duke basketball away game for special viewing parties on the big screens. With seating available indoors and outside, the fun happens rain or shine.","bar,lunch,dinner,late-night,sit-down","Grilled Mahi Mahi Wrap. Available at The Devil's Krafthouse (american cuisine) in Broadhead Center on West Campus campus. Hours: 11 am - Midnight (mon - sun). Served during: lunch, dinner. Grilled Mahi Mahi Wrap with romaine lettuce, tomato, and sriracha remoulade, with fried plantains and house made chips on the side. Item tags: comfort_food, dinner, fried, lunch, spicy. Venue tags: bar,lunch,dinner,late-night,sit-down. "
297,13,Turkey and Havarti Sandwich,"lunch, dinner","Turkey and Havarti Sandwich with arugula, tomato, garlic aioli and house chips","lunch,dinner,comfort_food","comfort_food, dinner, lunch",The Devil's Krafthouse,West Campus,Broadhead Center,11 am - Midnight (mon - sun),american,"Head to the campus center pub for your favorite craft beers on tap and a great menu for pairing. Stop by The Devil's Krafthouse during every Duke basketball away game for special viewing parties on the big screens. With seating available indoors and outside, the fun happens rain or shine.","bar,lunch,dinner,late-night,sit-down","Turkey and Havarti Sandwich. Available at The Devil's Krafthouse (american cuisine) in Broadhead Center on West Campus campus. Hours: 11 am - Midnight (mon - sun). Served during: lunch, dinner. Turkey and Havarti Sandwich with arugula, tomato, garlic aioli and house chips. Item tags: comfort_food, dinner, lunch. Venue tags: bar,lunch,dinner,late-night,sit-down. "
298,13,DKH Quesadilla,"lunch, dinner","Chicken Quesadilla with monterey jack cheese, red peppers, onion, pico de gallo, and sour cream","dinner,lunch,comfort_food,gluten","comfort_food, dinner, gluten, lunch",The Devil's Krafthouse,West Campus,Broadhead Center,11 am - Midnight (mon - sun),american,"Head to the campus center pub for your favorite craft beers on tap and a great menu for pairing. Stop by The Devil's Krafthouse during every Duke basketball away game for special viewing parties on the big screens. With seating available indoors and outside, the fun happens rain or shine.","bar,lunch,dinner,late-night,sit-down","DKH Quesadilla. Available at The Devil's Krafthouse (american cuisine) in Broadhead Center on West Campus campus. Hours: 11 am - Midnight (mon - sun). Served during: lunch, dinner. Chicken Quesadilla with monterey jack cheese, red peppers, onion, pico de gallo, and sour cream. Item tags: comfort_food, dinner, gluten, lunch. Venue tags: bar,lunch,dinner,late-night,sit-down. "
299,13,BBQ Chicken Sandwich,"lunch, dinner","Grilled Chicken tossed in BBQ sauce with cheddar cheese, lettuce, tomato, and hosue made chips","dinner,lunch,comfort_food,gluten,dairy","comfort_food, dairy, dinner, gluten, lunch",The Devil's Krafthouse,West Campus,Broadhead Center,11 am - Midnight (mon - sun),american,"Head to the campus center pub for your favorite craft beers on tap and a great menu for pairing. Stop by The Devil's Krafthouse during every Duke basketball away game for special viewing parties on the big screens. With seating available indoors and outside, the fun happens rain or shine.","bar,lunch,dinner,late-night,sit-down","BBQ Chicken Sandwich. Available at The Devil's Krafthouse (american cuisine) in Broadhead Center on West Campus campus. Hours: 11 am - Midnight (mon - sun). Served during: lunch, dinner. Grilled Chicken tossed in BBQ sauce with cheddar cheese, lettuce, tomato, and hosue made chips. Item tags: comfort_food, dairy, dinner, gluten, lunch. Venue tags: bar,lunch,dinner,late-night,sit-down. "
300,13,Grilled Cheese,"lunch, dinner",Grilled Cheese,"dairy,comfort_food,lunch,dinner","comfort_food, dairy, dinner, lunch",The Devil's Krafthouse,West Campus,Broadhead Center,11 am - Midnight (mon - sun),american,"Head to the campus center pub for your favorite craft beers on tap and a great menu for pairing. Stop by The Devil's Krafthouse during every Duke basketball away game for special viewing parties on the big screens. With seating available indoors and outside, the fun happens rain or shine.","bar,lunch,dinner,late-night,sit-down","Grilled Cheese. Available at The Devil's Krafthouse (american cuisine) in Broadhead Center on West Campus campus. Hours: 11 am - Midnight (mon - sun). Served during: lunch, dinner. Grilled Cheese. Item tags: comfort_food, dairy, dinner, lunch. Venue tags: bar,lunch,dinner,late-night,sit-down. "
301,13,Ginger Salmon Wrap,"lunch, dinner","Ginger Salmon Wrap on a tomato tortilla with romaine ginger dressing, cucumbre, carrots, avocado","dinner,lunch,high_protein","dinner, high_protein, lunch",The Devil's Krafthouse,West Campus,Broadhead Center,11 am - Midnight (mon - sun),american,"Head to the campus center pub for your favorite craft beers on tap and a great menu for pairing. Stop by The Devil's Krafthouse during every Duke basketball away game for special viewing parties on the big screens. With seating available indoors and outside, the fun happens rain or shine.","bar,lunch,dinner,late-night,sit-down","Ginger Salmon Wrap. Available at The Devil's Krafthouse (american cuisine) in Broadhead Center on West Campus campus. Hours: 11 am - Midnight (mon - sun). Served during: lunch, dinner. Ginger Salmon Wrap on a tomato tortilla with romaine ginger dressing, cucumbre, carrots, avocado. Item tags: dinner, high_protein, lunch. Venue tags: bar,lunch,dinner,late-night,sit-down. "
302,13,Steak Wrap,"lunch, dinner","Steak Wrap on a tomato tortilla with onions, mushrooms, red peppers, shredded cheese, and garlic aioli","dinner,lunch,comfort_food,gluten","comfort_food, dinner, gluten, lunch",The Devil's Krafthouse,West Campus,Broadhead Center,11 am - Midnight (mon - sun),american,"Head to the campus center pub for your favorite craft beers on tap and a great menu for pairing. Stop by The Devil's Krafthouse during every Duke basketball away game for special viewing parties on the big screens. With seating available indoors and outside, the fun happens rain or shine.","bar,lunch,dinner,late-night,sit-down","Steak Wrap. Available at The Devil's Krafthouse (american cuisine) in Broadhead Center on West Campus campus. Hours: 11 am - Midnight (mon - sun). Served during: lunch, dinner. Steak Wrap on a tomato tortilla with onions, mushrooms, red peppers, shredded cheese, and garlic aioli. Item tags: comfort_food, dinner, gluten, lunch. Venue tags: bar,lunch,dinner,late-night,sit-down. "
303,13,Build Your own burger,"lunch, dinner",Build Your own burger,"dinner,lunch,comfort_food","comfort_food, dinner, lunch",The Devil's Krafthouse,West Campus,Broadhead Center,11 am - Midnight (mon - sun),american,"Head to the campus center pub for your favorite craft beers on tap and a great menu for pairing. Stop by The Devil's Krafthouse during every Duke basketball away game for special viewing parties on the big screens. With seating available indoors and outside, the fun happens rain or shine.","bar,lunch,dinner,late-night,sit-down","Build Your own burger. Available at The Devil's Krafthouse (american cuisine) in Broadhead Center on West Campus campus. Hours: 11 am - Midnight (mon - sun). Served during: lunch, dinner. Build Your own burger. Item tags: comfort_food, dinner, lunch. Venue tags: bar,lunch,dinner,late-night,sit-down. "
304,13,Brie and Bacon Jam burger,"lunch, dinner","Fresh Angus burger, brie, house made bacon ham, arugula, tomato, and fresh cut fries","dinner,comfort_food,fried,gluten","comfort_food, dinner, fried, gluten",The Devil's Krafthouse,West Campus,Broadhead Center,11 am - Midnight (mon - sun),american,"Head to the campus center pub for your favorite craft beers on tap and a great menu for pairing. Stop by The Devil's Krafthouse during every Duke basketball away game for special viewing parties on the big screens. With seating available indoors and outside, the fun happens rain or shine.","bar,lunch,dinner,late-night,sit-down","Brie and Bacon Jam burger. Available at The Devil's Krafthouse (american cuisine) in Broadhead Center on West Campus campus. Hours: 11 am - Midnight (mon - sun). Served during: lunch, dinner. Fresh Angus burger, brie, house made bacon ham, arugula, tomato, and fresh cut fries. Item tags: comfort_food, dinner, fried, gluten. Venue tags: bar,lunch,dinner,late-night,sit-down. "
305,13,Devils Krafthouse Burger,"lunch, dinner","Fresh Angus burger, sharp cheddar cheese, garlic aioli, romaine, tomato, pickles and fresh cut fries","comfort_food,dinner,fried","comfort_food, dinner, fried",The Devil's Krafthouse,West Campus,Broadhead Center,11 am - Midnight (mon - sun),american,"Head to the campus center pub for your favorite craft beers on tap and a great menu for pairing. Stop by The Devil's Krafthouse during every Duke basketball away game for special viewing parties on the big screens. With seating available indoors and outside, the fun happens rain or shine.","bar,lunch,dinner,late-night,sit-down","Devils Krafthouse Burger. Available at The Devil's Krafthouse (american cuisine) in Broadhead Center on West Campus campus. Hours: 11 am - Midnight (mon - sun). Served during: lunch, dinner. Fresh Angus burger, sharp cheddar cheese, garlic aioli, romaine, tomato, pickles and fresh cut fries. Item tags: comfort_food, dinner, fried. Venue tags: bar,lunch,dinner,late-night,sit-down. "
306,13,Impossible Burger,"lunch, dinner","Impossible Burger with DIYA Cheese, Romaine, Tomato & Fresh Cut Fries","dinner,comfort_food,gluten","comfort_food, dinner, gluten",The Devil's Krafthouse,West Campus,Broadhead Center,11 am - Midnight (mon - sun),american,"Head to the campus center pub for your favorite craft beers on tap and a great menu for pairing. Stop by The Devil's Krafthouse during every Duke basketball away game for special viewing parties on the big screens. With seating available indoors and outside, the fun happens rain or shine.","bar,lunch,dinner,late-night,sit-down","Impossible Burger. Available at The Devil's Krafthouse (american cuisine) in Broadhead Center on West Campus campus. Hours: 11 am - Midnight (mon - sun). Served during: lunch, dinner. Impossible Burger with DIYA Cheese, Romaine, Tomato & Fresh Cut Fries. Item tags: comfort_food, dinner, gluten. Venue tags: bar,lunch,dinner,late-night,sit-down. "
307,13,Mushroom and Swiss Burger,"lunch, dinner","Mushroom and Herb goat cheese burger with fresh angus burger, sauteed mushrooms, grilled onions, herb goat cheese, lettuce, tomato and fresh cut fries","dinner,comfort_food,fried,gluten,dairy","comfort_food, dairy, dinner, fried, gluten",The Devil's Krafthouse,West Campus,Broadhead Center,11 am - Midnight (mon - sun),american,"Head to the campus center pub for your favorite craft beers on tap and a great menu for pairing. Stop by The Devil's Krafthouse during every Duke basketball away game for special viewing parties on the big screens. With seating available indoors and outside, the fun happens rain or shine.","bar,lunch,dinner,late-night,sit-down","Mushroom and Swiss Burger. Available at The Devil's Krafthouse (american cuisine) in Broadhead Center on West Campus campus. Hours: 11 am - Midnight (mon - sun). Served during: lunch, dinner. Mushroom and Herb goat cheese burger with fresh angus burger, sauteed mushrooms, grilled onions, herb goat cheese, lettuce, tomato and fresh cut fries. Item tags: comfort_food, dairy, dinner, fried, gluten. Venue tags: bar,lunch,dinner,late-night,sit-down. "
308,13,Brecky Burger,"lunch, dinner","Angus burger with bacon, fried egg, american cheese and fresh cut fries","comfort_food,fried,dinner,lunch","comfort_food, dinner, fried, lunch",The Devil's Krafthouse,West Campus,Broadhead Center,11 am - Midnight (mon - sun),american,"Head to the campus center pub for your favorite craft beers on tap and a great menu for pairing. Stop by The Devil's Krafthouse during every Duke basketball away game for special viewing parties on the big screens. With seating available indoors and outside, the fun happens rain or shine.","bar,lunch,dinner,late-night,sit-down","Brecky Burger. Available at The Devil's Krafthouse (american cuisine) in Broadhead Center on West Campus campus. Hours: 11 am - Midnight (mon - sun). Served during: lunch, dinner. Angus burger with bacon, fried egg, american cheese and fresh cut fries. Item tags: comfort_food, dinner, fried, lunch. Venue tags: bar,lunch,dinner,late-night,sit-down. "
309,13,Queso Burger,"lunch, dinner","Angus burger with queso, jalapeno, lettuce and fresh cut fries","comfort_food,dinner,fried","comfort_food, dinner, fried",The Devil's Krafthouse,West Campus,Broadhead Center,11 am - Midnight (mon - sun),american,"Head to the campus center pub for your favorite craft beers on tap and a great menu for pairing. Stop by The Devil's Krafthouse during every Duke basketball away game for special viewing parties on the big screens. With seating available indoors and outside, the fun happens rain or shine.","bar,lunch,dinner,late-night,sit-down","Queso Burger. Available at The Devil's Krafthouse (american cuisine) in Broadhead Center on West Campus campus. Hours: 11 am - Midnight (mon - sun). Served during: lunch, dinner. Angus burger with queso, jalapeno, lettuce and fresh cut fries. Item tags: comfort_food, dinner, fried. Venue tags: bar,lunch,dinner,late-night,sit-down. "
310,13,Dilly Burger,"lunch, dinner","Angus burger with dill pickles, ranch, mayo and fresh cut fries","comfort_food,dinner,lunch","comfort_food, dinner, lunch",The Devil's Krafthouse,West Campus,Broadhead Center,11 am - Midnight (mon - sun),american,"Head to the campus center pub for your favorite craft beers on tap and a great menu for pairing. Stop by The Devil's Krafthouse during every Duke basketball away game for special viewing parties on the big screens. With seating available indoors and outside, the fun happens rain or shine.","bar,lunch,dinner,late-night,sit-down","Dilly Burger. Available at The Devil's Krafthouse (american cuisine) in Broadhead Center on West Campus campus. Hours: 11 am - Midnight (mon - sun). Served during: lunch, dinner. Angus burger with dill pickles, ranch, mayo and fresh cut fries. Item tags: comfort_food, dinner, lunch. Venue tags: bar,lunch,dinner,late-night,sit-down. "
311,13,Turkey Burger,"lunch, dinner","Turkey Burger with pepper jack cheese, lettuce, avocado, and pico de gallo","dinner,lunch,comfort_food,high_protein","comfort_food, dinner, high_protein, lunch",The Devil's Krafthouse,West Campus,Broadhead Center,11 am - Midnight (mon - sun),american,"Head to the campus center pub for your favorite craft beers on tap and a great menu for pairing. Stop by The Devil's Krafthouse during every Duke basketball away game for special viewing parties on the big screens. With seating available indoors and outside, the fun happens rain or shine.","bar,lunch,dinner,late-night,sit-down","Turkey Burger. Available at The Devil's Krafthouse (american cuisine) in Broadhead Center on West Campus campus. Hours: 11 am - Midnight (mon - sun). Served during: lunch, dinner. Turkey Burger with pepper jack cheese, lettuce, avocado, and pico de gallo. Item tags: comfort_food, dinner, high_protein, lunch. Venue tags: bar,lunch,dinner,late-night,sit-down. "
312,13,Chicken Wrap,"lunch, dinner","Chicken Tender wrap with lettuce, tomato, choice of ranch or honey mustard, and fries","lunch,dinner,comfort_food,fried","comfort_food, dinner, fried, lunch",The Devil's Krafthouse,West Campus,Broadhead Center,11 am - Midnight (mon - sun),american,"Head to the campus center pub for your favorite craft beers on tap and a great menu for pairing. Stop by The Devil's Krafthouse during every Duke basketball away game for special viewing parties on the big screens. With seating available indoors and outside, the fun happens rain or shine.","bar,lunch,dinner,late-night,sit-down","Chicken Wrap. Available at The Devil's Krafthouse (american cuisine) in Broadhead Center on West Campus campus. Hours: 11 am - Midnight (mon - sun). Served during: lunch, dinner. Chicken Tender wrap with lettuce, tomato, choice of ranch or honey mustard, and fries. Item tags: comfort_food, dinner, fried, lunch. Venue tags: bar,lunch,dinner,late-night,sit-down. "
313,13,Sundaes,dessert,"Flavor Options: Cappucino Chip, Oreo, Oreo Mint, Strawberry, Strawberry Chip, Triple Chocolate","dessert,comfort_food","comfort_food, dessert",The Devil's Krafthouse,West Campus,Broadhead Center,11 am - Midnight (mon - sun),american,"Head to the campus center pub for your favorite craft beers on tap and a great menu for pairing. Stop by The Devil's Krafthouse during every Duke basketball away game for special viewing parties on the big screens. With seating available indoors and outside, the fun happens rain or shine.","bar,lunch,dinner,late-night,sit-down","Sundaes. Available at The Devil's Krafthouse (american cuisine) in Broadhead Center on West Campus campus. Hours: 11 am - Midnight (mon - sun). Served during: dessert. Flavor Options: Cappucino Chip, Oreo, Oreo Mint, Strawberry, Strawberry Chip, Triple Chocolate. Item tags: comfort_food, dessert. Venue tags: bar,lunch,dinner,late-night,sit-down. "
314,13,Milkshake,dessert,"Flavor Options: Cappucino Chip, Oreo, Oreo Mint, Strawberry, Strawberry Chip, Triple Chocolate","dairy,comfort_food,dessert,drink","comfort_food, dairy, dessert, drink",The Devil's Krafthouse,West Campus,Broadhead Center,11 am - Midnight (mon - sun),american,"Head to the campus center pub for your favorite craft beers on tap and a great menu for pairing. Stop by The Devil's Krafthouse during every Duke basketball away game for special viewing parties on the big screens. With seating available indoors and outside, the fun happens rain or shine.","bar,lunch,dinner,late-night,sit-down","Milkshake. Available at The Devil's Krafthouse (american cuisine) in Broadhead Center on West Campus campus. Hours: 11 am - Midnight (mon - sun). Served during: dessert. Flavor Options: Cappucino Chip, Oreo, Oreo Mint, Strawberry, Strawberry Chip, Triple Chocolate. Item tags: comfort_food, dairy, dessert, drink. Venue tags: bar,lunch,dinner,late-night,sit-down. "
315,13,"Bacon, Egg, and Cheese Bagel",breakfast,"Bacon, Egg, and Cheese Bagel","breakfast,dairy,comfort_food","breakfast, comfort_food, dairy",The Devil's Krafthouse,West Campus,Broadhead Center,11 am - Midnight (mon - sun),american,"Head to the campus center pub for your favorite craft beers on tap and a great menu for pairing. Stop by The Devil's Krafthouse during every Duke basketball away game for special viewing parties on the big screens. With seating available indoors and outside, the fun happens rain or shine.","bar,lunch,dinner,late-night,sit-down","Bacon, Egg, and Cheese Bagel. Available at The Devil's Krafthouse (american cuisine) in Broadhead Center on West Campus campus. Hours: 11 am - Midnight (mon - sun). Served during: breakfast. Bacon, Egg, and Cheese Bagel. Item tags: breakfast, comfort_food, dairy. Venue tags: bar,lunch,dinner,late-night,sit-down. "
316,13,Breakfast Potato Bowl,breakfast,"Breakfast Potato Bowl with scrambled eggs, potatoes, bacon, monterey jack cheddar cheese, spinach","breakfast,comfort_food,dinner","breakfast, comfort_food, dinner",The Devil's Krafthouse,West Campus,Broadhead Center,11 am - Midnight (mon - sun),american,"Head to the campus center pub for your favorite craft beers on tap and a great menu for pairing. Stop by The Devil's Krafthouse during every Duke basketball away game for special viewing parties on the big screens. With seating available indoors and outside, the fun happens rain or shine.","bar,lunch,dinner,late-night,sit-down","Breakfast Potato Bowl. Available at The Devil's Krafthouse (american cuisine) in Broadhead Center on West Campus campus. Hours: 11 am - Midnight (mon - sun). Served during: breakfast. Breakfast Potato Bowl with scrambled eggs, potatoes, bacon, monterey jack cheddar cheese, spinach. Item tags: breakfast, comfort_food, dinner. Venue tags: bar,lunch,dinner,late-night,sit-down. "
317,13,Breakfast Potatoes,breakfast,Breakfast Potatoes,"breakfast,comfort_food","breakfast, comfort_food",The Devil's Krafthouse,West Campus,Broadhead Center,11 am - Midnight (mon - sun),american,"Head to the campus center pub for your favorite craft beers on tap and a great menu for pairing. Stop by The Devil's Krafthouse during every Duke basketball away game for special viewing parties on the big screens. With seating available indoors and outside, the fun happens rain or shine.","bar,lunch,dinner,late-night,sit-down","Breakfast Potatoes. Available at The Devil's Krafthouse (american cuisine) in Broadhead Center on West Campus campus. Hours: 11 am - Midnight (mon - sun). Served during: breakfast. Breakfast Potatoes. Item tags: breakfast, comfort_food. Venue tags: bar,lunch,dinner,late-night,sit-down. "
318,13,Egg and Cheese Sandwich,breakfast,Egg and Cheese Sandwich,"breakfast,dairy,comfort_food","breakfast, comfort_food, dairy",The Devil's Krafthouse,West Campus,Broadhead Center,11 am - Midnight (mon - sun),american,"Head to the campus center pub for your favorite craft beers on tap and a great menu for pairing. Stop by The Devil's Krafthouse during every Duke basketball away game for special viewing parties on the big screens. With seating available indoors and outside, the fun happens rain or shine.","bar,lunch,dinner,late-night,sit-down","Egg and Cheese Sandwich. Available at The Devil's Krafthouse (american cuisine) in Broadhead Center on West Campus campus. Hours: 11 am - Midnight (mon - sun). Served during: breakfast. Egg and Cheese Sandwich. Item tags: breakfast, comfort_food, dairy. Venue tags: bar,lunch,dinner,late-night,sit-down. "
319,13,Southwest Wrap,breakfast,"Scrambled eggs, tortilla, black beans, monterrey jack cheddar cheese blend, pico de gallo, cilantro, red onion, lime juice, garlic","breakfast,lunch,dinner,comfort_food,gluten,dairy,high_protein","breakfast, comfort_food, dairy, dinner, gluten, high_protein, lunch",The Devil's Krafthouse,West Campus,Broadhead Center,11 am - Midnight (mon - sun),american,"Head to the campus center pub for your favorite craft beers on tap and a great menu for pairing. Stop by The Devil's Krafthouse during every Duke basketball away game for special viewing parties on the big screens. With seating available indoors and outside, the fun happens rain or shine.","bar,lunch,dinner,late-night,sit-down","Southwest Wrap. Available at The Devil's Krafthouse (american cuisine) in Broadhead Center on West Campus campus. Hours: 11 am - Midnight (mon - sun). Served during: breakfast. Scrambled eggs, tortilla, black beans, monterrey jack cheddar cheese blend, pico de gallo, cilantro, red onion, lime juice, garlic. Item tags: breakfast, comfort_food, dairy, dinner, gluten, high_protein, lunch. Venue tags: bar,lunch,dinner,late-night,sit-down. "
320,13,Turkey Sausage Egg Bagel,breakfast,Turkey Sausage Egg Bagel,"breakfast,dinner,comfort_food","breakfast, comfort_food, dinner",The Devil's Krafthouse,West Campus,Broadhead Center,11 am - Midnight (mon - sun),american,"Head to the campus center pub for your favorite craft beers on tap and a great menu for pairing. Stop by The Devil's Krafthouse during every Duke basketball away game for special viewing parties on the big screens. With seating available indoors and outside, the fun happens rain or shine.","bar,lunch,dinner,late-night,sit-down","Turkey Sausage Egg Bagel. Available at The Devil's Krafthouse (american cuisine) in Broadhead Center on West Campus campus. Hours: 11 am - Midnight (mon - sun). Served during: breakfast. Turkey Sausage Egg Bagel. Item tags: breakfast, comfort_food, dinner. Venue tags: bar,lunch,dinner,late-night,sit-down. "
321,13,Vegetable Goat Cheese Bowl,breakfast,"Scrambled eggs, potatoes, cheese crumble, mushroom, red onion, red pepper, spinach","breakfast,dairy,comfort_food,healthy","breakfast, comfort_food, dairy, healthy",The Devil's Krafthouse,West Campus,Broadhead Center,11 am - Midnight (mon - sun),american,"Head to the campus center pub for your favorite craft beers on tap and a great menu for pairing. Stop by The Devil's Krafthouse during every Duke basketball away game for special viewing parties on the big screens. With seating available indoors and outside, the fun happens rain or shine.","bar,lunch,dinner,late-night,sit-down","Vegetable Goat Cheese Bowl. Available at The Devil's Krafthouse (american cuisine) in Broadhead Center on West Campus campus. Hours: 11 am - Midnight (mon - sun). Served during: breakfast. Scrambled eggs, potatoes, cheese crumble, mushroom, red onion, red pepper, spinach. Item tags: breakfast, comfort_food, dairy, healthy. Venue tags: bar,lunch,dinner,late-night,sit-down. "
322,13,Southwest Breakfast Bowl,breakfast,"breakfast potatoes, scrambled eggs, bacon, pico de gallo","breakfast,dinner,comfort_food","breakfast, comfort_food, dinner",The Devil's Krafthouse,West Campus,Broadhead Center,11 am - Midnight (mon - sun),american,"Head to the campus center pub for your favorite craft beers on tap and a great menu for pairing. Stop by The Devil's Krafthouse during every Duke basketball away game for special viewing parties on the big screens. With seating available indoors and outside, the fun happens rain or shine.","bar,lunch,dinner,late-night,sit-down","Southwest Breakfast Bowl. Available at The Devil's Krafthouse (american cuisine) in Broadhead Center on West Campus campus. Hours: 11 am - Midnight (mon - sun). Served during: breakfast. breakfast potatoes, scrambled eggs, bacon, pico de gallo. Item tags: breakfast, comfort_food, dinner. Venue tags: bar,lunch,dinner,late-night,sit-down. "
323,14,Lamb Gyro,"lunch, dinner","Beef and lamb, pita, tzatziki, tomato, greens","dinner,lunch,comfort_food","comfort_food, dinner, lunch",Farmstead,West Campus,Broadhead Center,11 am - 9 pm (mon - sun),healthy,"Your favorite classic dishes just got a fresh, sustainable and healthier upgrade. Head to  Farmstead for a meal that satisfies your tastes and your conscience. Following the Farm to Fork philosophy, this venue specializes in cooking up great meals using the finest ingredientsï¿½sourced from local suppliers whenever possible.","healthy,sustainable,lunch,dinner,fresh","Lamb Gyro. Available at Farmstead (healthy cuisine) in Broadhead Center on West Campus campus. Hours: 11 am - 9 pm (mon - sun). Served during: lunch, dinner. Beef and lamb, pita, tzatziki, tomato, greens. Item tags: comfort_food, dinner, lunch. Venue tags: healthy,sustainable,lunch,dinner,fresh. "
324,14,Turkey Swiss Avocado,"lunch, dinner","Turkey, avocado, greens, tomatoes, peppercorn dressing","lunch,dinner,healthy","dinner, healthy, lunch",Farmstead,West Campus,Broadhead Center,11 am - 9 pm (mon - sun),healthy,"Your favorite classic dishes just got a fresh, sustainable and healthier upgrade. Head to  Farmstead for a meal that satisfies your tastes and your conscience. Following the Farm to Fork philosophy, this venue specializes in cooking up great meals using the finest ingredientsï¿½sourced from local suppliers whenever possible.","healthy,sustainable,lunch,dinner,fresh","Turkey Swiss Avocado. Available at Farmstead (healthy cuisine) in Broadhead Center on West Campus campus. Hours: 11 am - 9 pm (mon - sun). Served during: lunch, dinner. Turkey, avocado, greens, tomatoes, peppercorn dressing. Item tags: dinner, healthy, lunch. Venue tags: healthy,sustainable,lunch,dinner,fresh. "
325,14,Chicken Shawarma,"lunch, dinner","Chicken, pickles, garlic aioli","dinner,lunch,comfort_food,high_protein","comfort_food, dinner, high_protein, lunch",Farmstead,West Campus,Broadhead Center,11 am - 9 pm (mon - sun),healthy,"Your favorite classic dishes just got a fresh, sustainable and healthier upgrade. Head to  Farmstead for a meal that satisfies your tastes and your conscience. Following the Farm to Fork philosophy, this venue specializes in cooking up great meals using the finest ingredientsï¿½sourced from local suppliers whenever possible.","healthy,sustainable,lunch,dinner,fresh","Chicken Shawarma. Available at Farmstead (healthy cuisine) in Broadhead Center on West Campus campus. Hours: 11 am - 9 pm (mon - sun). Served during: lunch, dinner. Chicken, pickles, garlic aioli. Item tags: comfort_food, dinner, high_protein, lunch. Venue tags: healthy,sustainable,lunch,dinner,fresh. "
326,14,Chicken Caesar Wrap,"lunch, dinner","chicken, romaine lettuce, caesar dressing, parmesan cheese","lunch,dinner,comfort_food,gluten,high_protein","comfort_food, dinner, gluten, high_protein, lunch",Farmstead,West Campus,Broadhead Center,11 am - 9 pm (mon - sun),healthy,"Your favorite classic dishes just got a fresh, sustainable and healthier upgrade. Head to  Farmstead for a meal that satisfies your tastes and your conscience. Following the Farm to Fork philosophy, this venue specializes in cooking up great meals using the finest ingredientsï¿½sourced from local suppliers whenever possible.","healthy,sustainable,lunch,dinner,fresh","Chicken Caesar Wrap. Available at Farmstead (healthy cuisine) in Broadhead Center on West Campus campus. Hours: 11 am - 9 pm (mon - sun). Served during: lunch, dinner. chicken, romaine lettuce, caesar dressing, parmesan cheese. Item tags: comfort_food, dinner, gluten, high_protein, lunch. Venue tags: healthy,sustainable,lunch,dinner,fresh. "
327,14,Brautwurst,"lunch, dinner","Brautwurst on a hoagie with sauerkraut, onions, peppers, and mustard","lunch,dinner,comfort_food","comfort_food, dinner, lunch",Farmstead,West Campus,Broadhead Center,11 am - 9 pm (mon - sun),healthy,"Your favorite classic dishes just got a fresh, sustainable and healthier upgrade. Head to  Farmstead for a meal that satisfies your tastes and your conscience. Following the Farm to Fork philosophy, this venue specializes in cooking up great meals using the finest ingredientsï¿½sourced from local suppliers whenever possible.","healthy,sustainable,lunch,dinner,fresh","Brautwurst. Available at Farmstead (healthy cuisine) in Broadhead Center on West Campus campus. Hours: 11 am - 9 pm (mon - sun). Served during: lunch, dinner. Brautwurst on a hoagie with sauerkraut, onions, peppers, and mustard. Item tags: comfort_food, dinner, lunch. Venue tags: healthy,sustainable,lunch,dinner,fresh. "
328,14,Salmon Burger,"lunch, dinner","Salmon patty, arugula, tomatoes, caramelized onions, horseradish aioli","dinner,lunch,high_protein,comfort_food","comfort_food, dinner, high_protein, lunch",Farmstead,West Campus,Broadhead Center,11 am - 9 pm (mon - sun),healthy,"Your favorite classic dishes just got a fresh, sustainable and healthier upgrade. Head to  Farmstead for a meal that satisfies your tastes and your conscience. Following the Farm to Fork philosophy, this venue specializes in cooking up great meals using the finest ingredientsï¿½sourced from local suppliers whenever possible.","healthy,sustainable,lunch,dinner,fresh","Salmon Burger. Available at Farmstead (healthy cuisine) in Broadhead Center on West Campus campus. Hours: 11 am - 9 pm (mon - sun). Served during: lunch, dinner. Salmon patty, arugula, tomatoes, caramelized onions, horseradish aioli. Item tags: comfort_food, dinner, high_protein, lunch. Venue tags: healthy,sustainable,lunch,dinner,fresh. "
329,14,Tangy Bourbon Chicken,"lunch, dinner",Tangy Bourbon Chicken with roasted sweet potatoes and green beans,"dinner,comfort_food,healthy","comfort_food, dinner, healthy",Farmstead,West Campus,Broadhead Center,11 am - 9 pm (mon - sun),healthy,"Your favorite classic dishes just got a fresh, sustainable and healthier upgrade. Head to  Farmstead for a meal that satisfies your tastes and your conscience. Following the Farm to Fork philosophy, this venue specializes in cooking up great meals using the finest ingredientsï¿½sourced from local suppliers whenever possible.","healthy,sustainable,lunch,dinner,fresh","Tangy Bourbon Chicken. Available at Farmstead (healthy cuisine) in Broadhead Center on West Campus campus. Hours: 11 am - 9 pm (mon - sun). Served during: lunch, dinner. Tangy Bourbon Chicken with roasted sweet potatoes and green beans. Item tags: comfort_food, dinner, healthy. Venue tags: healthy,sustainable,lunch,dinner,fresh. "
330,14,Honey Garlic Chicken,"lunch, dinner",Honey Garlic Chicken with choice of two sides,"dinner,comfort_food","comfort_food, dinner",Farmstead,West Campus,Broadhead Center,11 am - 9 pm (mon - sun),healthy,"Your favorite classic dishes just got a fresh, sustainable and healthier upgrade. Head to  Farmstead for a meal that satisfies your tastes and your conscience. Following the Farm to Fork philosophy, this venue specializes in cooking up great meals using the finest ingredientsï¿½sourced from local suppliers whenever possible.","healthy,sustainable,lunch,dinner,fresh","Honey Garlic Chicken. Available at Farmstead (healthy cuisine) in Broadhead Center on West Campus campus. Hours: 11 am - 9 pm (mon - sun). Served during: lunch, dinner. Honey Garlic Chicken with choice of two sides. Item tags: comfort_food, dinner. Venue tags: healthy,sustainable,lunch,dinner,fresh. "
331,14,Bourbon Garlic Chicken,"lunch, dinner",Bourbon Garlic Chicken with choice of two sides,"dinner,comfort_food","comfort_food, dinner",Farmstead,West Campus,Broadhead Center,11 am - 9 pm (mon - sun),healthy,"Your favorite classic dishes just got a fresh, sustainable and healthier upgrade. Head to  Farmstead for a meal that satisfies your tastes and your conscience. Following the Farm to Fork philosophy, this venue specializes in cooking up great meals using the finest ingredientsï¿½sourced from local suppliers whenever possible.","healthy,sustainable,lunch,dinner,fresh","Bourbon Garlic Chicken. Available at Farmstead (healthy cuisine) in Broadhead Center on West Campus campus. Hours: 11 am - 9 pm (mon - sun). Served during: lunch, dinner. Bourbon Garlic Chicken with choice of two sides. Item tags: comfort_food, dinner. Venue tags: healthy,sustainable,lunch,dinner,fresh. "
332,14,Brautwurst,"lunch, dinner",Brautwurst with choice of two sides,"dinner,comfort_food","comfort_food, dinner",Farmstead,West Campus,Broadhead Center,11 am - 9 pm (mon - sun),healthy,"Your favorite classic dishes just got a fresh, sustainable and healthier upgrade. Head to  Farmstead for a meal that satisfies your tastes and your conscience. Following the Farm to Fork philosophy, this venue specializes in cooking up great meals using the finest ingredientsï¿½sourced from local suppliers whenever possible.","healthy,sustainable,lunch,dinner,fresh","Brautwurst. Available at Farmstead (healthy cuisine) in Broadhead Center on West Campus campus. Hours: 11 am - 9 pm (mon - sun). Served during: lunch, dinner. Brautwurst with choice of two sides. Item tags: comfort_food, dinner. Venue tags: healthy,sustainable,lunch,dinner,fresh. "
333,14,Atlantic Salmon Filets,"lunch, dinner",Atlantic Salmon Filets with choice of two sides,"high_protein,dinner","dinner, high_protein",Farmstead,West Campus,Broadhead Center,11 am - 9 pm (mon - sun),healthy,"Your favorite classic dishes just got a fresh, sustainable and healthier upgrade. Head to  Farmstead for a meal that satisfies your tastes and your conscience. Following the Farm to Fork philosophy, this venue specializes in cooking up great meals using the finest ingredientsï¿½sourced from local suppliers whenever possible.","healthy,sustainable,lunch,dinner,fresh","Atlantic Salmon Filets. Available at Farmstead (healthy cuisine) in Broadhead Center on West Campus campus. Hours: 11 am - 9 pm (mon - sun). Served during: lunch, dinner. Atlantic Salmon Filets with choice of two sides. Item tags: dinner, high_protein. Venue tags: healthy,sustainable,lunch,dinner,fresh. "
334,14,Gyro,"lunch, dinner",Gyro with choice of two sides,"lunch,dinner,comfort_food","comfort_food, dinner, lunch",Farmstead,West Campus,Broadhead Center,11 am - 9 pm (mon - sun),healthy,"Your favorite classic dishes just got a fresh, sustainable and healthier upgrade. Head to  Farmstead for a meal that satisfies your tastes and your conscience. Following the Farm to Fork philosophy, this venue specializes in cooking up great meals using the finest ingredientsï¿½sourced from local suppliers whenever possible.","healthy,sustainable,lunch,dinner,fresh","Gyro. Available at Farmstead (healthy cuisine) in Broadhead Center on West Campus campus. Hours: 11 am - 9 pm (mon - sun). Served during: lunch, dinner. Gyro with choice of two sides. Item tags: comfort_food, dinner, lunch. Venue tags: healthy,sustainable,lunch,dinner,fresh. "
335,14,Smoked Beef Brisket,"lunch, dinner",Smoked Beef Brisket with choice of two sides,"dinner,comfort_food","comfort_food, dinner",Farmstead,West Campus,Broadhead Center,11 am - 9 pm (mon - sun),healthy,"Your favorite classic dishes just got a fresh, sustainable and healthier upgrade. Head to  Farmstead for a meal that satisfies your tastes and your conscience. Following the Farm to Fork philosophy, this venue specializes in cooking up great meals using the finest ingredientsï¿½sourced from local suppliers whenever possible.","healthy,sustainable,lunch,dinner,fresh","Smoked Beef Brisket. Available at Farmstead (healthy cuisine) in Broadhead Center on West Campus campus. Hours: 11 am - 9 pm (mon - sun). Served during: lunch, dinner. Smoked Beef Brisket with choice of two sides. Item tags: comfort_food, dinner. Venue tags: healthy,sustainable,lunch,dinner,fresh. "
336,14,Roasted Turkey,"lunch, dinner",Roasted Turkey with choice of two sides,"dinner,comfort_food","comfort_food, dinner",Farmstead,West Campus,Broadhead Center,11 am - 9 pm (mon - sun),healthy,"Your favorite classic dishes just got a fresh, sustainable and healthier upgrade. Head to  Farmstead for a meal that satisfies your tastes and your conscience. Following the Farm to Fork philosophy, this venue specializes in cooking up great meals using the finest ingredientsï¿½sourced from local suppliers whenever possible.","healthy,sustainable,lunch,dinner,fresh","Roasted Turkey. Available at Farmstead (healthy cuisine) in Broadhead Center on West Campus campus. Hours: 11 am - 9 pm (mon - sun). Served during: lunch, dinner. Roasted Turkey with choice of two sides. Item tags: comfort_food, dinner. Venue tags: healthy,sustainable,lunch,dinner,fresh. "
337,14,Sides,"lunch, dinner","Options of brown rice, white rice, cauliflower, brussel sprouts, chickpeas salad, cilantro hummus with pita, green beans, kale salad, mac and cheese, roasted vegetables, orzo salad, quinoa salad, roasted potato, hummus spicy with pita, stuffed grape leaves, roasted sweet potatoes, sweet potato, beet salad, cauliflower salad, grape leafs, mixed vegetables, spicy hummus with pita, sweet potato salad, potato au gratin","vegetarian,healthy,dinner,lunch","dinner, healthy, lunch, vegetarian",Farmstead,West Campus,Broadhead Center,11 am - 9 pm (mon - sun),healthy,"Your favorite classic dishes just got a fresh, sustainable and healthier upgrade. Head to  Farmstead for a meal that satisfies your tastes and your conscience. Following the Farm to Fork philosophy, this venue specializes in cooking up great meals using the finest ingredientsï¿½sourced from local suppliers whenever possible.","healthy,sustainable,lunch,dinner,fresh","Sides. Available at Farmstead (healthy cuisine) in Broadhead Center on West Campus campus. Hours: 11 am - 9 pm (mon - sun). Served during: lunch, dinner. Options of brown rice, white rice, cauliflower, brussel sprouts, chickpeas salad, cilantro hummus with pita, green beans, kale salad, mac and cheese, roasted vegetables, orzo salad, quinoa salad, roasted potato, hummus spicy with pita, stuffed grape leaves, roasted sweet potatoes, sweet potato, beet salad, cauliflower salad, grape leafs, mixed vegetables, spicy hummus with pita, sweet potato salad, potato au gratin. Item tags: dinner, healthy, lunch, vegetarian. Venue tags: healthy,sustainable,lunch,dinner,fresh. "
338,15,Beef Brisket Sandwich Combo,"lunch, dinner",Beef Brisket Sandwich with side of succotash,"dinner,comfort_food,lunch","comfort_food, dinner, lunch",The Skillet,West Campus,Broadhead Center,7 am - 9 pm (mon - fri); 8 am - 9 pm (sat - sun),southern,Upscale Southern cuisine celebrating a rich tradition of home-style cooking with the best fried chicken and biscuits with breakfast served all day!,"breakfast,lunch,dinner,southern,protein","Beef Brisket Sandwich Combo. Available at The Skillet (southern cuisine) in Broadhead Center on West Campus campus. Hours: 7 am - 9 pm (mon - fri); 8 am - 9 pm (sat - sun). Served during: lunch, dinner. Beef Brisket Sandwich with side of succotash. Item tags: comfort_food, dinner, lunch. Venue tags: breakfast,lunch,dinner,southern,protein. "
339,15,Sauteed Catfish Combo,"lunch, dinner","Sauteed Catfish with diced potatoes, bacon colalrd greens and hushpuppies","dinner,comfort_food,fried","comfort_food, dinner, fried",The Skillet,West Campus,Broadhead Center,7 am - 9 pm (mon - fri); 8 am - 9 pm (sat - sun),southern,Upscale Southern cuisine celebrating a rich tradition of home-style cooking with the best fried chicken and biscuits with breakfast served all day!,"breakfast,lunch,dinner,southern,protein","Sauteed Catfish Combo. Available at The Skillet (southern cuisine) in Broadhead Center on West Campus campus. Hours: 7 am - 9 pm (mon - fri); 8 am - 9 pm (sat - sun). Served during: lunch, dinner. Sauteed Catfish with diced potatoes, bacon colalrd greens and hushpuppies. Item tags: comfort_food, dinner, fried. Venue tags: breakfast,lunch,dinner,southern,protein. "
340,15,Vegetarian Omelet Combo,breakfast,"mushrooms, peppers, onions, arugula, goat cheese and vegetatian sausage with a side of wheat toast and fruit","vegetarian,comfort_food,breakfast,dairy,gluten,healthy","breakfast, comfort_food, dairy, gluten, healthy, vegetarian",The Skillet,West Campus,Broadhead Center,7 am - 9 pm (mon - fri); 8 am - 9 pm (sat - sun),southern,Upscale Southern cuisine celebrating a rich tradition of home-style cooking with the best fried chicken and biscuits with breakfast served all day!,"breakfast,lunch,dinner,southern,protein","Vegetarian Omelet Combo. Available at The Skillet (southern cuisine) in Broadhead Center on West Campus campus. Hours: 7 am - 9 pm (mon - fri); 8 am - 9 pm (sat - sun). Served during: breakfast. mushrooms, peppers, onions, arugula, goat cheese and vegetatian sausage with a side of wheat toast and fruit. Item tags: breakfast, comfort_food, dairy, gluten, healthy, vegetarian. Venue tags: breakfast,lunch,dinner,southern,protein. "
341,15,Pulled Pork Sandwich,"lunch, dinner","NC style bbq, coleslaw, vinegar or sweet smoky bbq sauce","comfort_food,dinner,lunch","comfort_food, dinner, lunch",The Skillet,West Campus,Broadhead Center,7 am - 9 pm (mon - fri); 8 am - 9 pm (sat - sun),southern,Upscale Southern cuisine celebrating a rich tradition of home-style cooking with the best fried chicken and biscuits with breakfast served all day!,"breakfast,lunch,dinner,southern,protein","Pulled Pork Sandwich. Available at The Skillet (southern cuisine) in Broadhead Center on West Campus campus. Hours: 7 am - 9 pm (mon - fri); 8 am - 9 pm (sat - sun). Served during: lunch, dinner. NC style bbq, coleslaw, vinegar or sweet smoky bbq sauce. Item tags: comfort_food, dinner, lunch. Venue tags: breakfast,lunch,dinner,southern,protein. "
342,15,Shrimp Po Boy,"lunch, dinner","Fried shrimp dressed with lettuce, tomato, pickles and mayo","fried,comfort_food,lunch,dinner","comfort_food, dinner, fried, lunch",The Skillet,West Campus,Broadhead Center,7 am - 9 pm (mon - fri); 8 am - 9 pm (sat - sun),southern,Upscale Southern cuisine celebrating a rich tradition of home-style cooking with the best fried chicken and biscuits with breakfast served all day!,"breakfast,lunch,dinner,southern,protein","Shrimp Po Boy. Available at The Skillet (southern cuisine) in Broadhead Center on West Campus campus. Hours: 7 am - 9 pm (mon - fri); 8 am - 9 pm (sat - sun). Served during: lunch, dinner. Fried shrimp dressed with lettuce, tomato, pickles and mayo. Item tags: comfort_food, dinner, fried, lunch. Venue tags: breakfast,lunch,dinner,southern,protein. "
343,15,Big Country Fried Chicken Sandwich,"lunch, dinner","Fried chicken breast, mayo, and pickles. Choice of one side","fried,comfort_food,lunch,dinner","comfort_food, dinner, fried, lunch",The Skillet,West Campus,Broadhead Center,7 am - 9 pm (mon - fri); 8 am - 9 pm (sat - sun),southern,Upscale Southern cuisine celebrating a rich tradition of home-style cooking with the best fried chicken and biscuits with breakfast served all day!,"breakfast,lunch,dinner,southern,protein","Big Country Fried Chicken Sandwich. Available at The Skillet (southern cuisine) in Broadhead Center on West Campus campus. Hours: 7 am - 9 pm (mon - fri); 8 am - 9 pm (sat - sun). Served during: lunch, dinner. Fried chicken breast, mayo, and pickles. Choice of one side. Item tags: comfort_food, dinner, fried, lunch. Venue tags: breakfast,lunch,dinner,southern,protein. "
344,15,BLT,"lunch, dinner","2 over easy eggs, bacon, lettuce, tomato, and mayo with choice of one side","breakfast,lunch,comfort_food","breakfast, comfort_food, lunch",The Skillet,West Campus,Broadhead Center,7 am - 9 pm (mon - fri); 8 am - 9 pm (sat - sun),southern,Upscale Southern cuisine celebrating a rich tradition of home-style cooking with the best fried chicken and biscuits with breakfast served all day!,"breakfast,lunch,dinner,southern,protein","BLT. Available at The Skillet (southern cuisine) in Broadhead Center on West Campus campus. Hours: 7 am - 9 pm (mon - fri); 8 am - 9 pm (sat - sun). Served during: lunch, dinner. 2 over easy eggs, bacon, lettuce, tomato, and mayo with choice of one side. Item tags: breakfast, comfort_food, lunch. Venue tags: breakfast,lunch,dinner,southern,protein. "
345,15,Smoked Beef Brisket Sandwich,"lunch, dinner",Smoked for 12 hours southern style with sweet smoky sauce with one side,"comfort_food,dinner,lunch","comfort_food, dinner, lunch",The Skillet,West Campus,Broadhead Center,7 am - 9 pm (mon - fri); 8 am - 9 pm (sat - sun),southern,Upscale Southern cuisine celebrating a rich tradition of home-style cooking with the best fried chicken and biscuits with breakfast served all day!,"breakfast,lunch,dinner,southern,protein","Smoked Beef Brisket Sandwich. Available at The Skillet (southern cuisine) in Broadhead Center on West Campus campus. Hours: 7 am - 9 pm (mon - fri); 8 am - 9 pm (sat - sun). Served during: lunch, dinner. Smoked for 12 hours southern style with sweet smoky sauce with one side. Item tags: comfort_food, dinner, lunch. Venue tags: breakfast,lunch,dinner,southern,protein. "
346,15,3 sides platter,"lunch, dinner",choice of 3 sides,"comfort_food,dinner,lunch","comfort_food, dinner, lunch",The Skillet,West Campus,Broadhead Center,7 am - 9 pm (mon - fri); 8 am - 9 pm (sat - sun),southern,Upscale Southern cuisine celebrating a rich tradition of home-style cooking with the best fried chicken and biscuits with breakfast served all day!,"breakfast,lunch,dinner,southern,protein","3 sides platter. Available at The Skillet (southern cuisine) in Broadhead Center on West Campus campus. Hours: 7 am - 9 pm (mon - fri); 8 am - 9 pm (sat - sun). Served during: lunch, dinner. choice of 3 sides. Item tags: comfort_food, dinner, lunch. Venue tags: breakfast,lunch,dinner,southern,protein. "
347,15,Fried Chicken Tenders,"lunch, dinner","Fried Chicken southern style with choice of two sides, sauce and choice of biscuit or hush puppies","fried,comfort_food,dinner,lunch","comfort_food, dinner, fried, lunch",The Skillet,West Campus,Broadhead Center,7 am - 9 pm (mon - fri); 8 am - 9 pm (sat - sun),southern,Upscale Southern cuisine celebrating a rich tradition of home-style cooking with the best fried chicken and biscuits with breakfast served all day!,"breakfast,lunch,dinner,southern,protein","Fried Chicken Tenders. Available at The Skillet (southern cuisine) in Broadhead Center on West Campus campus. Hours: 7 am - 9 pm (mon - fri); 8 am - 9 pm (sat - sun). Served during: lunch, dinner. Fried Chicken southern style with choice of two sides, sauce and choice of biscuit or hush puppies. Item tags: comfort_food, dinner, fried, lunch. Venue tags: breakfast,lunch,dinner,southern,protein. "
348,15,Traditional NC style BBQ,"lunch, dinner",Traditional NC style BBQ with choice of 2 sides and hush puppies,"comfort_food,dinner","comfort_food, dinner",The Skillet,West Campus,Broadhead Center,7 am - 9 pm (mon - fri); 8 am - 9 pm (sat - sun),southern,Upscale Southern cuisine celebrating a rich tradition of home-style cooking with the best fried chicken and biscuits with breakfast served all day!,"breakfast,lunch,dinner,southern,protein","Traditional NC style BBQ. Available at The Skillet (southern cuisine) in Broadhead Center on West Campus campus. Hours: 7 am - 9 pm (mon - fri); 8 am - 9 pm (sat - sun). Served during: lunch, dinner. Traditional NC style BBQ with choice of 2 sides and hush puppies. Item tags: comfort_food, dinner. Venue tags: breakfast,lunch,dinner,southern,protein. "
349,15,Homestyle Meatloaf,"lunch, dinner",Homestyle Meatloaf with choice of 2 sides and hush puppies,"comfort_food,dinner","comfort_food, dinner",The Skillet,West Campus,Broadhead Center,7 am - 9 pm (mon - fri); 8 am - 9 pm (sat - sun),southern,Upscale Southern cuisine celebrating a rich tradition of home-style cooking with the best fried chicken and biscuits with breakfast served all day!,"breakfast,lunch,dinner,southern,protein","Homestyle Meatloaf. Available at The Skillet (southern cuisine) in Broadhead Center on West Campus campus. Hours: 7 am - 9 pm (mon - fri); 8 am - 9 pm (sat - sun). Served during: lunch, dinner. Homestyle Meatloaf with choice of 2 sides and hush puppies. Item tags: comfort_food, dinner. Venue tags: breakfast,lunch,dinner,southern,protein. "
350,15,Pulled Pork and Tenders,"lunch, dinner",Pulled boston butt with choice of 2 sides and hush puppies,"comfort_food,dinner","comfort_food, dinner",The Skillet,West Campus,Broadhead Center,7 am - 9 pm (mon - fri); 8 am - 9 pm (sat - sun),southern,Upscale Southern cuisine celebrating a rich tradition of home-style cooking with the best fried chicken and biscuits with breakfast served all day!,"breakfast,lunch,dinner,southern,protein","Pulled Pork and Tenders. Available at The Skillet (southern cuisine) in Broadhead Center on West Campus campus. Hours: 7 am - 9 pm (mon - fri); 8 am - 9 pm (sat - sun). Served during: lunch, dinner. Pulled boston butt with choice of 2 sides and hush puppies. Item tags: comfort_food, dinner. Venue tags: breakfast,lunch,dinner,southern,protein. "
351,15,Catfish Platter,"lunch, dinner","Choice of blackened, sauteed, or  breaded. Served with remoulade. Comes with choice of 2 sides. Serve with tarter sauce","dinner,fried,comfort_food","comfort_food, dinner, fried",The Skillet,West Campus,Broadhead Center,7 am - 9 pm (mon - fri); 8 am - 9 pm (sat - sun),southern,Upscale Southern cuisine celebrating a rich tradition of home-style cooking with the best fried chicken and biscuits with breakfast served all day!,"breakfast,lunch,dinner,southern,protein","Catfish Platter. Available at The Skillet (southern cuisine) in Broadhead Center on West Campus campus. Hours: 7 am - 9 pm (mon - fri); 8 am - 9 pm (sat - sun). Served during: lunch, dinner. Choice of blackened, sauteed, or  breaded. Served with remoulade. Comes with choice of 2 sides. Serve with tarter sauce. Item tags: comfort_food, dinner, fried. Venue tags: breakfast,lunch,dinner,southern,protein. "
352,15,Smoked Beef Brisket,"lunch, dinner",Smoked for 12 hours southern style with sweet smoky sauce with choice of 2 sides and 2 hushpuppies,"dinner,comfort_food","comfort_food, dinner",The Skillet,West Campus,Broadhead Center,7 am - 9 pm (mon - fri); 8 am - 9 pm (sat - sun),southern,Upscale Southern cuisine celebrating a rich tradition of home-style cooking with the best fried chicken and biscuits with breakfast served all day!,"breakfast,lunch,dinner,southern,protein","Smoked Beef Brisket. Available at The Skillet (southern cuisine) in Broadhead Center on West Campus campus. Hours: 7 am - 9 pm (mon - fri); 8 am - 9 pm (sat - sun). Served during: lunch, dinner. Smoked for 12 hours southern style with sweet smoky sauce with choice of 2 sides and 2 hushpuppies. Item tags: comfort_food, dinner. Venue tags: breakfast,lunch,dinner,southern,protein. "
353,15,Fried Chicken,"lunch, dinner",2 or 3 pieces with choice of 2 sides and choice of biscuit or hushpuppies,"comfort_food,fried,dinner","comfort_food, dinner, fried",The Skillet,West Campus,Broadhead Center,7 am - 9 pm (mon - fri); 8 am - 9 pm (sat - sun),southern,Upscale Southern cuisine celebrating a rich tradition of home-style cooking with the best fried chicken and biscuits with breakfast served all day!,"breakfast,lunch,dinner,southern,protein","Fried Chicken. Available at The Skillet (southern cuisine) in Broadhead Center on West Campus campus. Hours: 7 am - 9 pm (mon - fri); 8 am - 9 pm (sat - sun). Served during: lunch, dinner. 2 or 3 pieces with choice of 2 sides and choice of biscuit or hushpuppies. Item tags: comfort_food, dinner, fried. Venue tags: breakfast,lunch,dinner,southern,protein. "
354,15,Shrimp and Grits,"lunch, dinner","Grits topped with bacons, onions, tomato and mushrooms","comfort_food,dinner","comfort_food, dinner",The Skillet,West Campus,Broadhead Center,7 am - 9 pm (mon - fri); 8 am - 9 pm (sat - sun),southern,Upscale Southern cuisine celebrating a rich tradition of home-style cooking with the best fried chicken and biscuits with breakfast served all day!,"breakfast,lunch,dinner,southern,protein","Shrimp and Grits. Available at The Skillet (southern cuisine) in Broadhead Center on West Campus campus. Hours: 7 am - 9 pm (mon - fri); 8 am - 9 pm (sat - sun). Served during: lunch, dinner. Grits topped with bacons, onions, tomato and mushrooms. Item tags: comfort_food, dinner. Venue tags: breakfast,lunch,dinner,southern,protein. "
355,15,Sides,"lunch, dinner","Options ofbanana, orange, apple, fruit salad, bacon collard greens, country green beans, mashed potatoes, pinto beans, succotash, vanilla greek yogurt, watermelon salad, griddled squash and onions, cole slaw, mixed fruit, seasoned diced potato, mac and cheese, sourdough or wheat toast, brioche roll, biscuit plain, 2 eggs any style","vegetarian,gluten,comfort_food,breakfast","breakfast, comfort_food, gluten, vegetarian",The Skillet,West Campus,Broadhead Center,7 am - 9 pm (mon - fri); 8 am - 9 pm (sat - sun),southern,Upscale Southern cuisine celebrating a rich tradition of home-style cooking with the best fried chicken and biscuits with breakfast served all day!,"breakfast,lunch,dinner,southern,protein","Sides. Available at The Skillet (southern cuisine) in Broadhead Center on West Campus campus. Hours: 7 am - 9 pm (mon - fri); 8 am - 9 pm (sat - sun). Served during: lunch, dinner. Options ofbanana, orange, apple, fruit salad, bacon collard greens, country green beans, mashed potatoes, pinto beans, succotash, vanilla greek yogurt, watermelon salad, griddled squash and onions, cole slaw, mixed fruit, seasoned diced potato, mac and cheese, sourdough or wheat toast, brioche roll, biscuit plain, 2 eggs any style. Item tags: breakfast, comfort_food, gluten, vegetarian. Venue tags: breakfast,lunch,dinner,southern,protein. "
356,15,French Toast,breakfast,"3 slices of sourdouch bread, powdered sugar, berries, maple syrup, and one side","breakfast,comfort_food","breakfast, comfort_food",The Skillet,West Campus,Broadhead Center,7 am - 9 pm (mon - fri); 8 am - 9 pm (sat - sun),southern,Upscale Southern cuisine celebrating a rich tradition of home-style cooking with the best fried chicken and biscuits with breakfast served all day!,"breakfast,lunch,dinner,southern,protein","French Toast. Available at The Skillet (southern cuisine) in Broadhead Center on West Campus campus. Hours: 7 am - 9 pm (mon - fri); 8 am - 9 pm (sat - sun). Served during: breakfast. 3 slices of sourdouch bread, powdered sugar, berries, maple syrup, and one side. Item tags: breakfast, comfort_food. Venue tags: breakfast,lunch,dinner,southern,protein. "
357,15,Fast lane Blue Plate Eggs Your Way,breakfast,Two Eggs your way with two sides and biscuit or toast,"breakfast,dinner,comfort_food","breakfast, comfort_food, dinner",The Skillet,West Campus,Broadhead Center,7 am - 9 pm (mon - fri); 8 am - 9 pm (sat - sun),southern,Upscale Southern cuisine celebrating a rich tradition of home-style cooking with the best fried chicken and biscuits with breakfast served all day!,"breakfast,lunch,dinner,southern,protein","Fast lane Blue Plate Eggs Your Way. Available at The Skillet (southern cuisine) in Broadhead Center on West Campus campus. Hours: 7 am - 9 pm (mon - fri); 8 am - 9 pm (sat - sun). Served during: breakfast. Two Eggs your way with two sides and biscuit or toast. Item tags: breakfast, comfort_food, dinner. Venue tags: breakfast,lunch,dinner,southern,protein. "
358,15,Build Your Own Omelet,breakfast,Build Your Own Omelet with one side and choice of toast,"breakfast,comfort_food","breakfast, comfort_food",The Skillet,West Campus,Broadhead Center,7 am - 9 pm (mon - fri); 8 am - 9 pm (sat - sun),southern,Upscale Southern cuisine celebrating a rich tradition of home-style cooking with the best fried chicken and biscuits with breakfast served all day!,"breakfast,lunch,dinner,southern,protein","Build Your Own Omelet. Available at The Skillet (southern cuisine) in Broadhead Center on West Campus campus. Hours: 7 am - 9 pm (mon - fri); 8 am - 9 pm (sat - sun). Served during: breakfast. Build Your Own Omelet with one side and choice of toast. Item tags: breakfast, comfort_food. Venue tags: breakfast,lunch,dinner,southern,protein. "
359,15,Biscuits and Gravy,breakfast,"Two biscuits, thyme, sausage and gravy with one side","comfort_food,breakfast,dinner","breakfast, comfort_food, dinner",The Skillet,West Campus,Broadhead Center,7 am - 9 pm (mon - fri); 8 am - 9 pm (sat - sun),southern,Upscale Southern cuisine celebrating a rich tradition of home-style cooking with the best fried chicken and biscuits with breakfast served all day!,"breakfast,lunch,dinner,southern,protein","Biscuits and Gravy. Available at The Skillet (southern cuisine) in Broadhead Center on West Campus campus. Hours: 7 am - 9 pm (mon - fri); 8 am - 9 pm (sat - sun). Served during: breakfast. Two biscuits, thyme, sausage and gravy with one side. Item tags: breakfast, comfort_food, dinner. Venue tags: breakfast,lunch,dinner,southern,protein. "
360,15,Chicken and Waffles,breakfast,Served with honey drizzle and a breakfast side,"comfort_food,breakfast","breakfast, comfort_food",The Skillet,West Campus,Broadhead Center,7 am - 9 pm (mon - fri); 8 am - 9 pm (sat - sun),southern,Upscale Southern cuisine celebrating a rich tradition of home-style cooking with the best fried chicken and biscuits with breakfast served all day!,"breakfast,lunch,dinner,southern,protein","Chicken and Waffles. Available at The Skillet (southern cuisine) in Broadhead Center on West Campus campus. Hours: 7 am - 9 pm (mon - fri); 8 am - 9 pm (sat - sun). Served during: breakfast. Served with honey drizzle and a breakfast side. Item tags: breakfast, comfort_food. Venue tags: breakfast,lunch,dinner,southern,protein. "
361,15,Pancake Breakfast,breakfast,Served with 2 scrambled eggs and choice of ham/sausage/bacn/vegetable sausage/turkey sausage,"breakfast,comfort_food","breakfast, comfort_food",The Skillet,West Campus,Broadhead Center,7 am - 9 pm (mon - fri); 8 am - 9 pm (sat - sun),southern,Upscale Southern cuisine celebrating a rich tradition of home-style cooking with the best fried chicken and biscuits with breakfast served all day!,"breakfast,lunch,dinner,southern,protein","Pancake Breakfast. Available at The Skillet (southern cuisine) in Broadhead Center on West Campus campus. Hours: 7 am - 9 pm (mon - fri); 8 am - 9 pm (sat - sun). Served during: breakfast. Served with 2 scrambled eggs and choice of ham/sausage/bacn/vegetable sausage/turkey sausage. Item tags: breakfast, comfort_food. Venue tags: breakfast,lunch,dinner,southern,protein. "
362,15,Biscuit,breakfast,"Options include plain, with egg and cheese, with protein, with egg cheese and protein","breakfast,comfort_food","breakfast, comfort_food",The Skillet,West Campus,Broadhead Center,7 am - 9 pm (mon - fri); 8 am - 9 pm (sat - sun),southern,Upscale Southern cuisine celebrating a rich tradition of home-style cooking with the best fried chicken and biscuits with breakfast served all day!,"breakfast,lunch,dinner,southern,protein","Biscuit. Available at The Skillet (southern cuisine) in Broadhead Center on West Campus campus. Hours: 7 am - 9 pm (mon - fri); 8 am - 9 pm (sat - sun). Served during: breakfast. Options include plain, with egg and cheese, with protein, with egg cheese and protein. Item tags: breakfast, comfort_food. Venue tags: breakfast,lunch,dinner,southern,protein. "
363,15,Apple Cobbler,dessert,Apple Cobbler,"dessert,comfort_food","comfort_food, dessert",The Skillet,West Campus,Broadhead Center,7 am - 9 pm (mon - fri); 8 am - 9 pm (sat - sun),southern,Upscale Southern cuisine celebrating a rich tradition of home-style cooking with the best fried chicken and biscuits with breakfast served all day!,"breakfast,lunch,dinner,southern,protein","Apple Cobbler. Available at The Skillet (southern cuisine) in Broadhead Center on West Campus campus. Hours: 7 am - 9 pm (mon - fri); 8 am - 9 pm (sat - sun). Served during: dessert. Apple Cobbler. Item tags: comfort_food, dessert. Venue tags: breakfast,lunch,dinner,southern,protein. "
364,15,Banana Pudding,dessert,Banana Pudding,"dessert,comfort_food","comfort_food, dessert",The Skillet,West Campus,Broadhead Center,7 am - 9 pm (mon - fri); 8 am - 9 pm (sat - sun),southern,Upscale Southern cuisine celebrating a rich tradition of home-style cooking with the best fried chicken and biscuits with breakfast served all day!,"breakfast,lunch,dinner,southern,protein","Banana Pudding. Available at The Skillet (southern cuisine) in Broadhead Center on West Campus campus. Hours: 7 am - 9 pm (mon - fri); 8 am - 9 pm (sat - sun). Served during: dessert. Banana Pudding. Item tags: comfort_food, dessert. Venue tags: breakfast,lunch,dinner,southern,protein. "
365,16,Cheese Pizza,"lunch, dinner",Cheese Pizza,"dairy,comfort_food,dinner","comfort_food, dairy, dinner",Il Forno,West Campus,Broadhead Center,11 am - 9 pm (mon - sun),italian,"Specializes in authentic pastas, fresh salads and soup, and specialty pizzas made with our hand crafted dough, Neapolitan tomatoes, and top-quality mozzarella.","italian,pasta,pizza,salad,lunch,dinner","Cheese Pizza. Available at Il Forno (italian cuisine) in Broadhead Center on West Campus campus. Hours: 11 am - 9 pm (mon - sun). Served during: lunch, dinner. Cheese Pizza. Item tags: comfort_food, dairy, dinner. Venue tags: italian,pasta,pizza,salad,lunch,dinner. "
366,16,Meat Pizza,"lunch, dinner",Choice of buffalo chicken or pepperoni,"dinner,comfort_food","comfort_food, dinner",Il Forno,West Campus,Broadhead Center,11 am - 9 pm (mon - sun),italian,"Specializes in authentic pastas, fresh salads and soup, and specialty pizzas made with our hand crafted dough, Neapolitan tomatoes, and top-quality mozzarella.","italian,pasta,pizza,salad,lunch,dinner","Meat Pizza. Available at Il Forno (italian cuisine) in Broadhead Center on West Campus campus. Hours: 11 am - 9 pm (mon - sun). Served during: lunch, dinner. Choice of buffalo chicken or pepperoni. Item tags: comfort_food, dinner. Venue tags: italian,pasta,pizza,salad,lunch,dinner. "
367,16,Stinger Pizza,"lunch, dinner","Pepperoni, Bacon, Jalapenos, grated romano, mozzarella, hot honey, and red sauce base","dinner,comfort_food,spicy","comfort_food, dinner, spicy",Il Forno,West Campus,Broadhead Center,11 am - 9 pm (mon - sun),italian,"Specializes in authentic pastas, fresh salads and soup, and specialty pizzas made with our hand crafted dough, Neapolitan tomatoes, and top-quality mozzarella.","italian,pasta,pizza,salad,lunch,dinner","Stinger Pizza. Available at Il Forno (italian cuisine) in Broadhead Center on West Campus campus. Hours: 11 am - 9 pm (mon - sun). Served during: lunch, dinner. Pepperoni, Bacon, Jalapenos, grated romano, mozzarella, hot honey, and red sauce base. Item tags: comfort_food, dinner, spicy. Venue tags: italian,pasta,pizza,salad,lunch,dinner. "
368,16,Chicken Pesto Pizza,"lunch, dinner","Chicken, roasted red peppers, red onion, ricotta, basil pesto","dinner,comfort_food,gluten","comfort_food, dinner, gluten",Il Forno,West Campus,Broadhead Center,11 am - 9 pm (mon - sun),italian,"Specializes in authentic pastas, fresh salads and soup, and specialty pizzas made with our hand crafted dough, Neapolitan tomatoes, and top-quality mozzarella.","italian,pasta,pizza,salad,lunch,dinner","Chicken Pesto Pizza. Available at Il Forno (italian cuisine) in Broadhead Center on West Campus campus. Hours: 11 am - 9 pm (mon - sun). Served during: lunch, dinner. Chicken, roasted red peppers, red onion, ricotta, basil pesto. Item tags: comfort_food, dinner, gluten. Venue tags: italian,pasta,pizza,salad,lunch,dinner. "
369,16,Breadstick,"lunch, dinner",Breadstick,comfort_food,comfort_food,Il Forno,West Campus,Broadhead Center,11 am - 9 pm (mon - sun),italian,"Specializes in authentic pastas, fresh salads and soup, and specialty pizzas made with our hand crafted dough, Neapolitan tomatoes, and top-quality mozzarella.","italian,pasta,pizza,salad,lunch,dinner","Breadstick. Available at Il Forno (italian cuisine) in Broadhead Center on West Campus campus. Hours: 11 am - 9 pm (mon - sun). Served during: lunch, dinner. Breadstick. Item tags: comfort_food. Venue tags: italian,pasta,pizza,salad,lunch,dinner. "
370,16,Buffalo Chicken Pizza,"lunch, dinner","Buffa lChicken, mild wing sauce, mozzarella, ranch","dinner,comfort_food,gluten,high_protein","comfort_food, dinner, gluten, high_protein",Il Forno,West Campus,Broadhead Center,11 am - 9 pm (mon - sun),italian,"Specializes in authentic pastas, fresh salads and soup, and specialty pizzas made with our hand crafted dough, Neapolitan tomatoes, and top-quality mozzarella.","italian,pasta,pizza,salad,lunch,dinner","Buffalo Chicken Pizza. Available at Il Forno (italian cuisine) in Broadhead Center on West Campus campus. Hours: 11 am - 9 pm (mon - sun). Served during: lunch, dinner. Buffa lChicken, mild wing sauce, mozzarella, ranch. Item tags: comfort_food, dinner, gluten, high_protein. Venue tags: italian,pasta,pizza,salad,lunch,dinner. "
371,16,Harvest Pizza,"lunch, dinner","Bruschetta, tomatoes, mushrooms, red onions, sweet peppers, fresh basil, mozzarella, red sauce","vegetarian,dinner,comfort_food","comfort_food, dinner, vegetarian",Il Forno,West Campus,Broadhead Center,11 am - 9 pm (mon - sun),italian,"Specializes in authentic pastas, fresh salads and soup, and specialty pizzas made with our hand crafted dough, Neapolitan tomatoes, and top-quality mozzarella.","italian,pasta,pizza,salad,lunch,dinner","Harvest Pizza. Available at Il Forno (italian cuisine) in Broadhead Center on West Campus campus. Hours: 11 am - 9 pm (mon - sun). Served during: lunch, dinner. Bruschetta, tomatoes, mushrooms, red onions, sweet peppers, fresh basil, mozzarella, red sauce. Item tags: comfort_food, dinner, vegetarian. Venue tags: italian,pasta,pizza,salad,lunch,dinner. "
372,16,Kyles Pizza,"lunch, dinner","Chicken, bacon, bbq sauce, mozzarella, and ranch","dinner,comfort_food,gluten","comfort_food, dinner, gluten",Il Forno,West Campus,Broadhead Center,11 am - 9 pm (mon - sun),italian,"Specializes in authentic pastas, fresh salads and soup, and specialty pizzas made with our hand crafted dough, Neapolitan tomatoes, and top-quality mozzarella.","italian,pasta,pizza,salad,lunch,dinner","Kyles Pizza. Available at Il Forno (italian cuisine) in Broadhead Center on West Campus campus. Hours: 11 am - 9 pm (mon - sun). Served during: lunch, dinner. Chicken, bacon, bbq sauce, mozzarella, and ranch. Item tags: comfort_food, dinner, gluten. Venue tags: italian,pasta,pizza,salad,lunch,dinner. "
373,16,Margherita Pizza,"lunch, dinner","Mozzarella, basil, romano, red sauce","dinner,comfort_food,gluten,dairy","comfort_food, dairy, dinner, gluten",Il Forno,West Campus,Broadhead Center,11 am - 9 pm (mon - sun),italian,"Specializes in authentic pastas, fresh salads and soup, and specialty pizzas made with our hand crafted dough, Neapolitan tomatoes, and top-quality mozzarella.","italian,pasta,pizza,salad,lunch,dinner","Margherita Pizza. Available at Il Forno (italian cuisine) in Broadhead Center on West Campus campus. Hours: 11 am - 9 pm (mon - sun). Served during: lunch, dinner. Mozzarella, basil, romano, red sauce. Item tags: comfort_food, dairy, dinner, gluten. Venue tags: italian,pasta,pizza,salad,lunch,dinner. "
374,16,Pjs New Yorker Pizza,"lunch, dinner","Pepperoni, sausage, mushrooms, red onions, sweet peppers, mozzarella, and red sauce","dinner,comfort_food","comfort_food, dinner",Il Forno,West Campus,Broadhead Center,11 am - 9 pm (mon - sun),italian,"Specializes in authentic pastas, fresh salads and soup, and specialty pizzas made with our hand crafted dough, Neapolitan tomatoes, and top-quality mozzarella.","italian,pasta,pizza,salad,lunch,dinner","Pjs New Yorker Pizza. Available at Il Forno (italian cuisine) in Broadhead Center on West Campus campus. Hours: 11 am - 9 pm (mon - sun). Served during: lunch, dinner. Pepperoni, sausage, mushrooms, red onions, sweet peppers, mozzarella, and red sauce. Item tags: comfort_food, dinner. Venue tags: italian,pasta,pizza,salad,lunch,dinner. "
375,16,Rustic Pizza,"lunch, dinner","Pepperoni, sausage, caramelized onion, red peppers, fresh pasil, mozzarella, red sauce","dinner,comfort_food,gluten","comfort_food, dinner, gluten",Il Forno,West Campus,Broadhead Center,11 am - 9 pm (mon - sun),italian,"Specializes in authentic pastas, fresh salads and soup, and specialty pizzas made with our hand crafted dough, Neapolitan tomatoes, and top-quality mozzarella.","italian,pasta,pizza,salad,lunch,dinner","Rustic Pizza. Available at Il Forno (italian cuisine) in Broadhead Center on West Campus campus. Hours: 11 am - 9 pm (mon - sun). Served during: lunch, dinner. Pepperoni, sausage, caramelized onion, red peppers, fresh pasil, mozzarella, red sauce. Item tags: comfort_food, dinner, gluten. Venue tags: italian,pasta,pizza,salad,lunch,dinner. "
376,16,Vegan Pizza,"lunch, dinner","Neapolitan sauce, vegan cheese","vegan,dinner","dinner, vegan",Il Forno,West Campus,Broadhead Center,11 am - 9 pm (mon - sun),italian,"Specializes in authentic pastas, fresh salads and soup, and specialty pizzas made with our hand crafted dough, Neapolitan tomatoes, and top-quality mozzarella.","italian,pasta,pizza,salad,lunch,dinner","Vegan Pizza. Available at Il Forno (italian cuisine) in Broadhead Center on West Campus campus. Hours: 11 am - 9 pm (mon - sun). Served during: lunch, dinner. Neapolitan sauce, vegan cheese. Item tags: dinner, vegan. Venue tags: italian,pasta,pizza,salad,lunch,dinner. "
377,16,Heritage Honey Pizza,"lunch, dinner","Pepperoni, sausage, ricotta, mozzarella, hot honey, fresh basil, romano, red sauce","dinner,comfort_food,gluten","comfort_food, dinner, gluten",Il Forno,West Campus,Broadhead Center,11 am - 9 pm (mon - sun),italian,"Specializes in authentic pastas, fresh salads and soup, and specialty pizzas made with our hand crafted dough, Neapolitan tomatoes, and top-quality mozzarella.","italian,pasta,pizza,salad,lunch,dinner","Heritage Honey Pizza. Available at Il Forno (italian cuisine) in Broadhead Center on West Campus campus. Hours: 11 am - 9 pm (mon - sun). Served during: lunch, dinner. Pepperoni, sausage, ricotta, mozzarella, hot honey, fresh basil, romano, red sauce. Item tags: comfort_food, dinner, gluten. Venue tags: italian,pasta,pizza,salad,lunch,dinner. "
378,16,Blaise Pizza,"lunch, dinner","Sausage, bacon, mushrooms, caramelized onion, spinach, ricotta, hot honey, mozzarella","dinner,comfort_food,gluten","comfort_food, dinner, gluten",Il Forno,West Campus,Broadhead Center,11 am - 9 pm (mon - sun),italian,"Specializes in authentic pastas, fresh salads and soup, and specialty pizzas made with our hand crafted dough, Neapolitan tomatoes, and top-quality mozzarella.","italian,pasta,pizza,salad,lunch,dinner","Blaise Pizza. Available at Il Forno (italian cuisine) in Broadhead Center on West Campus campus. Hours: 11 am - 9 pm (mon - sun). Served during: lunch, dinner. Sausage, bacon, mushrooms, caramelized onion, spinach, ricotta, hot honey, mozzarella. Item tags: comfort_food, dinner, gluten. Venue tags: italian,pasta,pizza,salad,lunch,dinner. "
379,16,Bruschetta Pizza,"lunch, dinner","fior di latte mozzarella, bruschetta, tomatoes, arugula, romano, balsamic glaze, basil, pesto base","dairy,comfort_food,dinner","comfort_food, dairy, dinner",Il Forno,West Campus,Broadhead Center,11 am - 9 pm (mon - sun),italian,"Specializes in authentic pastas, fresh salads and soup, and specialty pizzas made with our hand crafted dough, Neapolitan tomatoes, and top-quality mozzarella.","italian,pasta,pizza,salad,lunch,dinner","Bruschetta Pizza. Available at Il Forno (italian cuisine) in Broadhead Center on West Campus campus. Hours: 11 am - 9 pm (mon - sun). Served during: lunch, dinner. fior di latte mozzarella, bruschetta, tomatoes, arugula, romano, balsamic glaze, basil, pesto base. Item tags: comfort_food, dairy, dinner. Venue tags: italian,pasta,pizza,salad,lunch,dinner. "
380,16,Quattro Pizza,"lunch, dinner","sausage, meatballs, pepperoni, bacon, red sauce","dinner,comfort_food","comfort_food, dinner",Il Forno,West Campus,Broadhead Center,11 am - 9 pm (mon - sun),italian,"Specializes in authentic pastas, fresh salads and soup, and specialty pizzas made with our hand crafted dough, Neapolitan tomatoes, and top-quality mozzarella.","italian,pasta,pizza,salad,lunch,dinner","Quattro Pizza. Available at Il Forno (italian cuisine) in Broadhead Center on West Campus campus. Hours: 11 am - 9 pm (mon - sun). Served during: lunch, dinner. sausage, meatballs, pepperoni, bacon, red sauce. Item tags: comfort_food, dinner. Venue tags: italian,pasta,pizza,salad,lunch,dinner. "
381,16,Blackened Shrimp Scampi,"lunch, dinner","blackened shrimp, lemon garlic olive oil, spaghetti, roasted red peppers, fresh basil, romano","dinner,comfort_food,gluten","comfort_food, dinner, gluten",Il Forno,West Campus,Broadhead Center,11 am - 9 pm (mon - sun),italian,"Specializes in authentic pastas, fresh salads and soup, and specialty pizzas made with our hand crafted dough, Neapolitan tomatoes, and top-quality mozzarella.","italian,pasta,pizza,salad,lunch,dinner","Blackened Shrimp Scampi. Available at Il Forno (italian cuisine) in Broadhead Center on West Campus campus. Hours: 11 am - 9 pm (mon - sun). Served during: lunch, dinner. blackened shrimp, lemon garlic olive oil, spaghetti, roasted red peppers, fresh basil, romano. Item tags: comfort_food, dinner, gluten. Venue tags: italian,pasta,pizza,salad,lunch,dinner. "
382,16,Veggie Pasta,"lunch, dinner","Choice of sauce (alfredo, arrabiata, parma rosa, pesto basil pomodoro) and Veggies (baby spinach, mushrooms, roasted red peppers, roasted tomatoes, sauteed onions, sweet peppers)","vegetarian,healthy,dinner","dinner, healthy, vegetarian",Il Forno,West Campus,Broadhead Center,11 am - 9 pm (mon - sun),italian,"Specializes in authentic pastas, fresh salads and soup, and specialty pizzas made with our hand crafted dough, Neapolitan tomatoes, and top-quality mozzarella.","italian,pasta,pizza,salad,lunch,dinner","Veggie Pasta. Available at Il Forno (italian cuisine) in Broadhead Center on West Campus campus. Hours: 11 am - 9 pm (mon - sun). Served during: lunch, dinner. Choice of sauce (alfredo, arrabiata, parma rosa, pesto basil pomodoro) and Veggies (baby spinach, mushrooms, roasted red peppers, roasted tomatoes, sauteed onions, sweet peppers). Item tags: dinner, healthy, vegetarian. Venue tags: italian,pasta,pizza,salad,lunch,dinner. "
383,16,Pasta and Sauce Only,"lunch, dinner","Choice of sauce (alfredo, arrabiata, parma rosa, pesto basil pomodoro)","dinner,vegetarian,comfort_food","comfort_food, dinner, vegetarian",Il Forno,West Campus,Broadhead Center,11 am - 9 pm (mon - sun),italian,"Specializes in authentic pastas, fresh salads and soup, and specialty pizzas made with our hand crafted dough, Neapolitan tomatoes, and top-quality mozzarella.","italian,pasta,pizza,salad,lunch,dinner","Pasta and Sauce Only. Available at Il Forno (italian cuisine) in Broadhead Center on West Campus campus. Hours: 11 am - 9 pm (mon - sun). Served during: lunch, dinner. Choice of sauce (alfredo, arrabiata, parma rosa, pesto basil pomodoro). Item tags: comfort_food, dinner, vegetarian. Venue tags: italian,pasta,pizza,salad,lunch,dinner. "
384,16,Custom Pasta,"lunch, dinner",Custom Pasta,"dinner,lunch","dinner, lunch",Il Forno,West Campus,Broadhead Center,11 am - 9 pm (mon - sun),italian,"Specializes in authentic pastas, fresh salads and soup, and specialty pizzas made with our hand crafted dough, Neapolitan tomatoes, and top-quality mozzarella.","italian,pasta,pizza,salad,lunch,dinner","Custom Pasta. Available at Il Forno (italian cuisine) in Broadhead Center on West Campus campus. Hours: 11 am - 9 pm (mon - sun). Served during: lunch, dinner. Custom Pasta. Item tags: dinner, lunch. Venue tags: italian,pasta,pizza,salad,lunch,dinner. "
385,16,Chicken Alfredo pasta,"lunch, dinner","Grilled chicken, parmesan alfredo sauce, fettucinni, spinach, mushrooms, romano","dinner,comfort_food,gluten,high_protein","comfort_food, dinner, gluten, high_protein",Il Forno,West Campus,Broadhead Center,11 am - 9 pm (mon - sun),italian,"Specializes in authentic pastas, fresh salads and soup, and specialty pizzas made with our hand crafted dough, Neapolitan tomatoes, and top-quality mozzarella.","italian,pasta,pizza,salad,lunch,dinner","Chicken Alfredo pasta. Available at Il Forno (italian cuisine) in Broadhead Center on West Campus campus. Hours: 11 am - 9 pm (mon - sun). Served during: lunch, dinner. Grilled chicken, parmesan alfredo sauce, fettucinni, spinach, mushrooms, romano. Item tags: comfort_food, dinner, gluten, high_protein. Venue tags: italian,pasta,pizza,salad,lunch,dinner. "
386,16,Garden Pesto pasta,"lunch, dinner","pesto, fettucine, spinach, tomatoes, mushrooms, red peppers, basil, romano","vegetarian,dinner,healthy","dinner, healthy, vegetarian",Il Forno,West Campus,Broadhead Center,11 am - 9 pm (mon - sun),italian,"Specializes in authentic pastas, fresh salads and soup, and specialty pizzas made with our hand crafted dough, Neapolitan tomatoes, and top-quality mozzarella.","italian,pasta,pizza,salad,lunch,dinner","Garden Pesto pasta. Available at Il Forno (italian cuisine) in Broadhead Center on West Campus campus. Hours: 11 am - 9 pm (mon - sun). Served during: lunch, dinner. pesto, fettucine, spinach, tomatoes, mushrooms, red peppers, basil, romano. Item tags: dinner, healthy, vegetarian. Venue tags: italian,pasta,pizza,salad,lunch,dinner. "
387,16,Salmon Alfredo Pasta,"lunch, dinner","Baked salmon, parmesan alfredo, fettucini, spinach, lemon, romano","dinner,comfort_food,dairy","comfort_food, dairy, dinner",Il Forno,West Campus,Broadhead Center,11 am - 9 pm (mon - sun),italian,"Specializes in authentic pastas, fresh salads and soup, and specialty pizzas made with our hand crafted dough, Neapolitan tomatoes, and top-quality mozzarella.","italian,pasta,pizza,salad,lunch,dinner","Salmon Alfredo Pasta. Available at Il Forno (italian cuisine) in Broadhead Center on West Campus campus. Hours: 11 am - 9 pm (mon - sun). Served during: lunch, dinner. Baked salmon, parmesan alfredo, fettucini, spinach, lemon, romano. Item tags: comfort_food, dairy, dinner. Venue tags: italian,pasta,pizza,salad,lunch,dinner. "
388,16,Meatballs & Spaghetti,"lunch, dinner","Meatball, pomodoro sauce, spaghetti, romano","dinner,comfort_food","comfort_food, dinner",Il Forno,West Campus,Broadhead Center,11 am - 9 pm (mon - sun),italian,"Specializes in authentic pastas, fresh salads and soup, and specialty pizzas made with our hand crafted dough, Neapolitan tomatoes, and top-quality mozzarella.","italian,pasta,pizza,salad,lunch,dinner","Meatballs & Spaghetti. Available at Il Forno (italian cuisine) in Broadhead Center on West Campus campus. Hours: 11 am - 9 pm (mon - sun). Served during: lunch, dinner. Meatball, pomodoro sauce, spaghetti, romano. Item tags: comfort_food, dinner. Venue tags: italian,pasta,pizza,salad,lunch,dinner. "
389,16,Braised Beef Pasta,"lunch, dinner","Braised beef, casarecce, alfredo sauce, tomtoes, romano","dinner,comfort_food,gluten","comfort_food, dinner, gluten",Il Forno,West Campus,Broadhead Center,11 am - 9 pm (mon - sun),italian,"Specializes in authentic pastas, fresh salads and soup, and specialty pizzas made with our hand crafted dough, Neapolitan tomatoes, and top-quality mozzarella.","italian,pasta,pizza,salad,lunch,dinner","Braised Beef Pasta. Available at Il Forno (italian cuisine) in Broadhead Center on West Campus campus. Hours: 11 am - 9 pm (mon - sun). Served during: lunch, dinner. Braised beef, casarecce, alfredo sauce, tomtoes, romano. Item tags: comfort_food, dinner, gluten. Venue tags: italian,pasta,pizza,salad,lunch,dinner. "
390,16,Chicken Basil Pesto Pasta,"lunch, dinner","Grilled Chicken, basil pesto sauce, roasted grape tomatoes, casarecce pasta, red peppers, romano","dinner,gluten,comfort_food","comfort_food, dinner, gluten",Il Forno,West Campus,Broadhead Center,11 am - 9 pm (mon - sun),italian,"Specializes in authentic pastas, fresh salads and soup, and specialty pizzas made with our hand crafted dough, Neapolitan tomatoes, and top-quality mozzarella.","italian,pasta,pizza,salad,lunch,dinner","Chicken Basil Pesto Pasta. Available at Il Forno (italian cuisine) in Broadhead Center on West Campus campus. Hours: 11 am - 9 pm (mon - sun). Served during: lunch, dinner. Grilled Chicken, basil pesto sauce, roasted grape tomatoes, casarecce pasta, red peppers, romano. Item tags: comfort_food, dinner, gluten. Venue tags: italian,pasta,pizza,salad,lunch,dinner. "
391,16,Parma Rosa Pasta,"lunch, dinner","Grilled Chicken, Parma Rosa Sauce, Spinach, Peppers and Onions, Fettucinin, Romano","dinner,comfort_food,gluten","comfort_food, dinner, gluten",Il Forno,West Campus,Broadhead Center,11 am - 9 pm (mon - sun),italian,"Specializes in authentic pastas, fresh salads and soup, and specialty pizzas made with our hand crafted dough, Neapolitan tomatoes, and top-quality mozzarella.","italian,pasta,pizza,salad,lunch,dinner","Parma Rosa Pasta. Available at Il Forno (italian cuisine) in Broadhead Center on West Campus campus. Hours: 11 am - 9 pm (mon - sun). Served during: lunch, dinner. Grilled Chicken, Parma Rosa Sauce, Spinach, Peppers and Onions, Fettucinin, Romano. Item tags: comfort_food, dinner, gluten. Venue tags: italian,pasta,pizza,salad,lunch,dinner. "
392,16,Spicy Il Forno,"lunch, dinner","Fennel Sausage, Spicy Arrabbiata Sauce, Peppers and Onions, Rigatoni, Green Onions, Roasted Tomatoes, Romano","dinner,spicy","dinner, spicy",Il Forno,West Campus,Broadhead Center,11 am - 9 pm (mon - sun),italian,"Specializes in authentic pastas, fresh salads and soup, and specialty pizzas made with our hand crafted dough, Neapolitan tomatoes, and top-quality mozzarella.","italian,pasta,pizza,salad,lunch,dinner","Spicy Il Forno. Available at Il Forno (italian cuisine) in Broadhead Center on West Campus campus. Hours: 11 am - 9 pm (mon - sun). Served during: lunch, dinner. Fennel Sausage, Spicy Arrabbiata Sauce, Peppers and Onions, Rigatoni, Green Onions, Roasted Tomatoes, Romano. Item tags: dinner, spicy. Venue tags: italian,pasta,pizza,salad,lunch,dinner. "
393,16,Iced Brownie,dessert,Iced Brownie,dessert,dessert,Il Forno,West Campus,Broadhead Center,11 am - 9 pm (mon - sun),italian,"Specializes in authentic pastas, fresh salads and soup, and specialty pizzas made with our hand crafted dough, Neapolitan tomatoes, and top-quality mozzarella.","italian,pasta,pizza,salad,lunch,dinner","Iced Brownie. Available at Il Forno (italian cuisine) in Broadhead Center on West Campus campus. Hours: 11 am - 9 pm (mon - sun). Served during: dessert. Iced Brownie. Item tags: dessert. Venue tags: italian,pasta,pizza,salad,lunch,dinner. "
394,16,Chocolate Chip Cookie,dessert,Chocolate Chip Cookie,"dessert,comfort_food","comfort_food, dessert",Il Forno,West Campus,Broadhead Center,11 am - 9 pm (mon - sun),italian,"Specializes in authentic pastas, fresh salads and soup, and specialty pizzas made with our hand crafted dough, Neapolitan tomatoes, and top-quality mozzarella.","italian,pasta,pizza,salad,lunch,dinner","Chocolate Chip Cookie. Available at Il Forno (italian cuisine) in Broadhead Center on West Campus campus. Hours: 11 am - 9 pm (mon - sun). Served during: dessert. Chocolate Chip Cookie. Item tags: comfort_food, dessert. Venue tags: italian,pasta,pizza,salad,lunch,dinner. "
